ItemID,Name,Price,StockQuantity
1,Item_1,43.65,3
2,Item_2,44.48,48
3,Item_3,56.38,12
4,Item_4,51.36,69
5,Item_5,47.13,34
6,Item_6,48.43,21
7,Item_7,15.8,64
8,Item_8,54.2,97
9,Item_9,24.74,80
10,Item_10,90.11,86
11,Item_11,39.57,56
12,Item_12,71.78,14
13,Item_13,19.93,80
14,Item_14,39.04,61
15,Item_15,89.2,85
16,Item_16,31.18,32
17,Item_17,47.08,93
18,Item_18,43.07,35
19,Item_19,82.17,44
20,Item_20,76.45,83
21,Item_21,35.76,34
22,Item_22,78.03,64
23,Item_23,63.22,3
24,Item_24,86.74,23
25,Item_25,46.15,38
26,Item_26,67.64,32
27,Item_27,53.62,38
28,Item_28,72.3,13
29,Item_29,37.6,73
30,Item_30,96.74,5
31,Item_31,46.13,44
32,Item_32,86.74,19
33,Item_33,92.85,28
34,Item_34,49.91,19
35,Item_35,86.3,87
36,Item_36,61.02,27
37,Item_37,46.88,84
38,Item_38,11.66,44
39,Item_39,92.79,56
40,Item_40,49.32,35
41,Item_41,78.27,88
42,Item_42,86.56,44
43,Item_43,96.08,54
44,Item_44,43.98,56
45,Item_45,34.84,78
46,Item_46,93.49,55
47,Item_47,88.07,39
48,Item_48,63.68,78
49,Item_49,55.72,31
50,Item_50,10.12,52
51,Item_51,49.55,3
52,Item_52,25.67,84
53,Item_53,55.46,8
54,Item_54,15.53,7
55,Item_55,45.8,95
56,Item_56,22.37,66
57,Item_57,64.53,86
58,Item_58,51.86,12
59,Item_59,61.08,5
60,Item_60,48.13,65
61,Item_61,67.98,67
62,Item_62,18.81,97
63,Item_63,76.98,98
64,Item_64,51.97,34
65,Item_65,70.72,53
66,Item_66,57.55,19
67,Item_67,90.8,4
68,Item_68,85.4,14
69,Item_69,68.07,40
70,Item_70,33.78,37
71,Item_71,12.27,63
72,Item_72,74.11,42
73,Item_73,41.17,78
74,Item_74,22.95,67
75,Item_75,92.12,9
76,Item_76,68.17,65
77,Item_77,82.17,12
78,Item_78,35.31,21
79,Item_79,34.35,95
80,Item_80,13.56,44
81,Item_81,68.62,47
82,Item_82,22.85,26
83,Item_83,26.88,66
84,Item_84,88.99,45
85,Item_85,13.96,76
86,Item_86,38.86,6
87,Item_87,84.41,77
88,Item_88,87.02,56
89,Item_89,85.53,36
90,Item_90,49.84,68
91,Item_91,36.14,2
92,Item_92,91.11,43
93,Item_93,31.11,16
94,Item_94,45.37,14
95,Item_95,54.28,43
96,Item_96,90.91,41
97,Item_97,12,5
98,Item_98,85.24,68
99,Item_99,20.11,89
100,Item_100,52.22,9
101,Item_101,21.08,84
102,Item_102,63.86,69
103,Item_103,72.38,39
104,Item_104,68.14,51
105,Item_105,84.34,24
106,Item_106,86.63,36
107,Item_107,55,81
108,Item_108,22.41,17
109,Item_109,10.13,12
110,Item_110,95.24,13
111,Item_111,86.42,86
112,Item_112,36.36,42
113,Item_113,77.7,92
114,Item_114,97.95,26
115,Item_115,68,79
116,Item_116,66.92,35
117,Item_117,59.86,77
118,Item_118,52.58,98
119,Item_119,29.39,97
120,Item_120,89.51,42
121,Item_121,74.17,15
122,Item_122,42.23,83
123,Item_123,95.35,46
124,Item_124,40.06,50
125,Item_125,81.92,58
126,Item_126,46.9,81
127,Item_127,32.31,65
128,Item_128,27.45,75
129,Item_129,66.07,19
130,Item_130,79.31,76
131,Item_131,73.49,15
132,Item_132,75.24,44
133,Item_133,31.97,45
134,Item_134,93.55,30
135,Item_135,37.79,43
136,Item_136,42.45,45
137,Item_137,50.66,14
138,Item_138,89.17,17
139,Item_139,69.49,71
140,Item_140,49.14,27
141,Item_141,36.38,14
142,Item_142,49.34,18
143,Item_143,98.27,71
144,Item_144,34.24,72
145,Item_145,68.03,49
146,Item_146,36.68,62
147,Item_147,33.88,54
148,Item_148,77.7,27
149,Item_149,73.86,5
150,Item_150,40.76,53
151,Item_151,95.34,88
152,Item_152,95.9,58
153,Item_153,92.55,41
154,Item_154,46.52,65
155,Item_155,33.95,98
156,Item_156,57.57,53
157,Item_157,27.68,36
158,Item_158,87.53,97
159,Item_159,59.67,39
160,Item_160,19.51,95
161,Item_161,14.81,58
162,Item_162,65.4,67
163,Item_163,66.57,89
164,Item_164,50.32,66
165,Item_165,41.03,83
166,Item_166,26.92,4
167,Item_167,47.58,28
168,Item_168,25.75,66
169,Item_169,52.59,51
170,Item_170,40.22,42
171,Item_171,75.8,66
172,Item_172,55.63,1
173,Item_173,26.03,53
174,Item_174,40.46,79
175,Item_175,72.23,12
176,Item_176,87.84,75
177,Item_177,24.85,22
178,Item_178,49.43,42
179,Item_179,11.79,66
180,Item_180,55.14,5
181,Item_181,14.59,78
182,Item_182,49.59,86
183,Item_183,52.79,22
184,Item_184,96.9,98
185,Item_185,35.17,73
186,Item_186,93.76,32
187,Item_187,96.79,31
188,Item_188,17.18,51
189,Item_189,96.1,67
190,Item_190,65.42,13
191,Item_191,46.58,16
192,Item_192,57.99,46
193,Item_193,20.51,53
194,Item_194,70.77,60
195,Item_195,27.27,42
196,Item_196,75.41,93
197,Item_197,26.1,42
198,Item_198,32.48,9
199,Item_199,15.5,86
200,Item_200,47.7,34
201,Item_201,27.11,85
202,Item_202,52.65,55
203,Item_203,69.22,4
204,Item_204,44.08,60
205,Item_205,24.88,88
206,Item_206,84.62,58
207,Item_207,94.95,2
208,Item_208,70.29,27
209,Item_209,35.92,40
210,Item_210,37.41,95
211,Item_211,81.73,52
212,Item_212,16.8,11
213,Item_213,33.18,2
214,Item_214,83.25,14
215,Item_215,61.43,29
216,Item_216,31.55,31
217,Item_217,71.78,10
218,Item_218,22.18,16
219,Item_219,48.08,8
220,Item_220,42.81,12
221,Item_221,50.6,37
222,Item_222,49.01,42
223,Item_223,30.85,61
224,Item_224,38.82,82
225,Item_225,37.41,30
226,Item_226,12.81,83
227,Item_227,33.07,80
228,Item_228,40.46,2
229,Item_229,24.35,55
230,Item_230,45.35,8
231,Item_231,35.34,73
232,Item_232,85.59,83
233,Item_233,69.84,59
234,Item_234,97.79,86
235,Item_235,38.73,2
236,Item_236,11.88,79
237,Item_237,20.93,33
238,Item_238,21.47,55
239,Item_239,82.24,42
240,Item_240,18.6,52
241,Item_241,65.22,48
242,Item_242,69.58,21
243,Item_243,97.29,69
244,Item_244,46.56,89
245,Item_245,11.32,90
246,Item_246,13.63,89
247,Item_247,96.83,99
248,Item_248,75.96,17
249,Item_249,90.6,19
250,Item_250,46.51,78
251,Item_251,86.21,41
252,Item_252,93.56,37
253,Item_253,16.78,65
254,Item_254,76.57,10
255,Item_255,44.41,69
256,Item_256,45.4,21
257,Item_257,30.95,81
258,Item_258,87.03,5
259,Item_259,78.97,79
260,Item_260,95.06,41
261,Item_261,14.19,76
262,Item_262,87.45,15
263,Item_263,31.81,4
264,Item_264,64.58,31
265,Item_265,55.97,20
266,Item_266,18.78,42
267,Item_267,10.08,96
268,Item_268,46.64,76
269,Item_269,51.55,35
270,Item_270,90.95,20
271,Item_271,71.93,34
272,Item_272,64.16,72
273,Item_273,60.11,57
274,Item_274,43.87,29
275,Item_275,31.52,80
276,Item_276,18.36,50
277,Item_277,53.56,40
278,Item_278,28.2,27
279,Item_279,38.65,83
280,Item_280,28.77,54
281,Item_281,97.83,56
282,Item_282,44.71,52
283,Item_283,71.09,92
284,Item_284,39.7,72
285,Item_285,89.46,99
286,Item_286,85.51,63
287,Item_287,57.32,31
288,Item_288,44.77,60
289,Item_289,23.76,80
290,Item_290,84.96,95
291,Item_291,16.7,16
292,Item_292,23.44,25
293,Item_293,62.28,59
294,Item_294,20.3,100
295,Item_295,67.36,42
296,Item_296,79.69,17
297,Item_297,34.45,63
298,Item_298,46.71,41
299,Item_299,98.34,67
300,Item_300,73.42,96
301,Item_301,25.46,5
302,Item_302,14.1,77
303,Item_303,72.1,32
304,Item_304,43.26,16
305,Item_305,55.11,68
306,Item_306,67.35,14
307,Item_307,86.18,66
308,Item_308,84.98,80
309,Item_309,69.86,95
310,Item_310,66.66,46
311,Item_311,85.19,34
312,Item_312,47.41,86
313,Item_313,86.51,87
314,Item_314,48.44,42
315,Item_315,59.77,57
316,Item_316,38.76,51
317,Item_317,29.34,79
318,Item_318,43.3,75
319,Item_319,71.37,10
320,Item_320,58.09,11
321,Item_321,42.27,99
322,Item_322,66.88,47
323,Item_323,41.49,42
324,Item_324,38.68,4
325,Item_325,40.72,21
326,Item_326,35.61,55
327,Item_327,20.77,53
328,Item_328,29.67,21
329,Item_329,66.57,55
330,Item_330,33.42,19
331,Item_331,58.52,14
332,Item_332,77,33
333,Item_333,57.44,16
334,Item_334,19.17,80
335,Item_335,58.92,17
336,Item_336,40.25,78
337,Item_337,86.59,38
338,Item_338,32.62,4
339,Item_339,78.93,99
340,Item_340,47.06,86
341,Item_341,38.55,79
342,Item_342,68.24,59
343,Item_343,88.44,49
344,Item_344,15.95,74
345,Item_345,27.08,28
346,Item_346,31.42,34
347,Item_347,67.59,73
348,Item_348,21.27,35
349,Item_349,68.13,18
350,Item_350,92.87,39
351,Item_351,69.51,29
352,Item_352,37.89,96
353,Item_353,64.7,26
354,Item_354,80.63,72
355,Item_355,78.08,61
356,Item_356,16.05,42
357,Item_357,86.48,70
358,Item_358,49.73,20
359,Item_359,88.62,73
360,Item_360,91.89,28
361,Item_361,56.3,41
362,Item_362,60.87,11
363,Item_363,10.99,18
364,Item_364,44.27,74
365,Item_365,61.85,89
366,Item_366,32.38,24
367,Item_367,70.34,82
368,Item_368,78.49,81
369,Item_369,75.42,35
370,Item_370,33.02,7
371,Item_371,37.96,22
372,Item_372,85.08,47
373,Item_373,64.02,14
374,Item_374,97.01,88
375,Item_375,86.12,14
376,Item_376,88.3,4
377,Item_377,37.73,48
378,Item_378,20.48,14
379,Item_379,16.19,63
380,Item_380,31.44,30
381,Item_381,83,58
382,Item_382,52.54,84
383,Item_383,29.67,92
384,Item_384,53.09,51
385,Item_385,37.69,90
386,Item_386,23.09,56
387,Item_387,77.22,97
388,Item_388,86.19,36
389,Item_389,68.58,83
390,Item_390,30.11,32
391,Item_391,83.44,56
392,Item_392,94.22,88
393,Item_393,54.24,21
394,Item_394,38.34,94
395,Item_395,27.96,32
396,Item_396,81.77,65
397,Item_397,93.8,88
398,Item_398,32.08,100
399,Item_399,38.71,96
400,Item_400,68.21,80
401,Item_401,32.23,84
402,Item_402,45.9,30
403,Item_403,20.02,79
404,Item_404,32.45,69
405,Item_405,18.43,71
406,Item_406,37.93,59
407,Item_407,78.89,71
408,Item_408,58.53,36
409,Item_409,52.12,35
410,Item_410,32.42,7
411,Item_411,77.64,63
412,Item_412,65.49,42
413,Item_413,13.5,76
414,Item_414,71.28,23
415,Item_415,74.62,40
416,Item_416,35.07,2
417,Item_417,24.45,18
418,Item_418,20.51,30
419,Item_419,15.52,89
420,Item_420,16.47,56
421,Item_421,98.79,27
422,Item_422,96.47,1
423,Item_423,34.33,59
424,Item_424,56.82,51
425,Item_425,83.78,87
426,Item_426,41.46,37
427,Item_427,99.04,44
428,Item_428,19.09,6
429,Item_429,67.41,49
430,Item_430,44.95,72
431,Item_431,57.14,90
432,Item_432,38.7,74
433,Item_433,55.77,46
434,Item_434,79.99,33
435,Item_435,78.26,9
436,Item_436,24.5,34
437,Item_437,31.1,34
438,Item_438,84.14,87
439,Item_439,92.37,86
440,Item_440,35.37,61
441,Item_441,42.28,70
442,Item_442,73.64,91
443,Item_443,90.87,95
444,Item_444,87,77
445,Item_445,24.92,73
446,Item_446,62.9,89
447,Item_447,28.67,64
448,Item_448,57.56,4
449,Item_449,67.77,87
450,Item_450,64.81,71
451,Item_451,12.94,56
452,Item_452,91.17,56
453,Item_453,14.37,50
454,Item_454,65.64,40
455,Item_455,76.49,10
456,Item_456,12.19,85
457,Item_457,24.43,50
458,Item_458,33.14,60
459,Item_459,48.53,69
460,Item_460,86.01,88
461,Item_461,89.74,35
462,Item_462,82.88,63
463,Item_463,73.21,98
464,Item_464,16.69,3
465,Item_465,26.42,80
466,Item_466,87.41,23
467,Item_467,74.37,15
468,Item_468,49.41,9
469,Item_469,46.07,78
470,Item_470,17.9,43
471,Item_471,37.82,7
472,Item_472,69.92,83
473,Item_473,16.89,38
474,Item_474,82.36,23
475,Item_475,21.82,17
476,Item_476,74.45,18
477,Item_477,65.39,97
478,Item_478,95.96,82
479,Item_479,70.51,71
480,Item_480,62.51,6
481,Item_481,20.57,18
482,Item_482,94.94,33
483,Item_483,13.21,77
484,Item_484,96.57,21
485,Item_485,40.45,68
486,Item_486,78.16,27
487,Item_487,85.74,62
488,Item_488,93.34,32
489,Item_489,79.66,66
490,Item_490,77.55,32
491,Item_491,40.42,94
492,Item_492,75.74,35
493,Item_493,58.53,38
494,Item_494,86.81,29
495,Item_495,19.17,38
496,Item_496,49.16,93
497,Item_497,35,29
498,Item_498,46.51,53
499,Item_499,96.39,17
500,Item_500,45.7,68
501,Item_501,41.72,54
502,Item_502,22.52,12
503,Item_503,98.43,65
504,Item_504,65.94,17
505,Item_505,38.11,31
506,Item_506,85.06,78
507,Item_507,31.52,70
508,Item_508,32.56,20
509,Item_509,61.14,41
510,Item_510,28.89,45
511,Item_511,41.36,81
512,Item_512,95.83,48
513,Item_513,44.36,93
514,Item_514,97.1,83
515,Item_515,65.03,7
516,Item_516,43.41,65
517,Item_517,20.1,100
518,Item_518,84.89,59
519,Item_519,67.16,47
520,Item_520,79.32,10
521,Item_521,85.44,88
522,Item_522,72.99,92
523,Item_523,16.6,43
524,Item_524,75.64,21
525,Item_525,65.77,19
526,Item_526,89.87,15
527,Item_527,53.47,88
528,Item_528,75.47,25
529,Item_529,57.48,99
530,Item_530,26.37,6
531,Item_531,80.03,32
532,Item_532,84.58,21
533,Item_533,18.38,11
534,Item_534,21.47,98
535,Item_535,20.41,25
536,Item_536,42.32,30
537,Item_537,51.3,6
538,Item_538,50.32,51
539,Item_539,65.21,94
540,Item_540,62.9,58
541,Item_541,75.79,91
542,Item_542,64.31,51
543,Item_543,34.81,46
544,Item_544,19.98,29
545,Item_545,69.16,84
546,Item_546,25.89,47
547,Item_547,22.1,34
548,Item_548,58.49,89
549,Item_549,41.16,65
550,Item_550,62.42,24
551,Item_551,43.61,60
552,Item_552,50.42,73
553,Item_553,47.5,48
554,Item_554,60.19,88
555,Item_555,52.91,60
556,Item_556,21.2,14
557,Item_557,61.09,79
558,Item_558,16.56,38
559,Item_559,73.22,87
560,Item_560,73.77,62
561,Item_561,58.85,96
562,Item_562,55.25,12
563,Item_563,83.24,17
564,Item_564,61.8,14
565,Item_565,13.13,63
566,Item_566,64.07,22
567,Item_567,84.66,65
568,Item_568,98.54,27
569,Item_569,38.95,7
570,Item_570,74.71,55
571,Item_571,50.09,63
572,Item_572,37.38,96
573,Item_573,41.67,54
574,Item_574,50.06,68
575,Item_575,49.71,72
576,Item_576,70.47,45
577,Item_577,72.1,88
578,Item_578,82.44,79
579,Item_579,56.81,82
580,Item_580,32.38,62
581,Item_581,86.39,57
582,Item_582,43.58,97
583,Item_583,58.98,79
584,Item_584,66.5,68
585,Item_585,79.29,80
586,Item_586,38.27,13
587,Item_587,91.7,39
588,Item_588,48.35,55
589,Item_589,17.91,98
590,Item_590,76.33,7
591,Item_591,59.42,17
592,Item_592,47.39,58
593,Item_593,94.85,22
594,Item_594,57.67,19
595,Item_595,24.49,9
596,Item_596,72.87,28
597,Item_597,40.49,20
598,Item_598,70.61,36
599,Item_599,82.69,25
600,Item_600,76.56,16
601,Item_601,51.69,18
602,Item_602,23.1,64
603,Item_603,30.96,30
604,Item_604,92.04,36
605,Item_605,76.98,25
606,Item_606,36.73,94
607,Item_607,84.98,94
608,Item_608,98.67,99
609,Item_609,70.14,33
610,Item_610,40.28,77
611,Item_611,55.89,16
612,Item_612,75.49,7
613,Item_613,84.58,11
614,Item_614,16.16,58
615,Item_615,42.29,25
616,Item_616,84.5,44
617,Item_617,34.7,89
618,Item_618,95.17,68
619,Item_619,19.24,71
620,Item_620,71.12,45
621,Item_621,78.85,68
622,Item_622,33.92,64
623,Item_623,95.83,100
624,Item_624,93.76,4
625,Item_625,18.29,74
626,Item_626,33.92,93
627,Item_627,94.74,94
628,Item_628,99,78
629,Item_629,28.2,8
630,Item_630,28.25,86
631,Item_631,57.8,72
632,Item_632,69.85,64
633,Item_633,49.11,14
634,Item_634,67.21,61
635,Item_635,88.94,45
636,Item_636,33.22,17
637,Item_637,65.87,68
638,Item_638,37.35,70
639,Item_639,18.43,98
640,Item_640,20.51,76
641,Item_641,51.58,5
642,Item_642,35.09,45
643,Item_643,89.33,99
644,Item_644,66.06,22
645,Item_645,68.4,68
646,Item_646,42.1,14
647,Item_647,88.89,40
648,Item_648,72.54,33
649,Item_649,61.07,2
650,Item_650,63.14,2
651,Item_651,79.85,94
652,Item_652,50.7,9
653,Item_653,55.04,48
654,Item_654,11.25,93
655,Item_655,88.74,5
656,Item_656,84.75,81
657,Item_657,43.28,95
658,Item_658,53.16,5
659,Item_659,25.47,81
660,Item_660,70.61,69
661,Item_661,38.77,29
662,Item_662,28.09,20
663,Item_663,81.54,88
664,Item_664,31.41,75
665,Item_665,91.05,95
666,Item_666,17.74,12
667,Item_667,84.09,7
668,Item_668,60.67,34
669,Item_669,22.9,56
670,Item_670,34.04,23
671,Item_671,63.62,27
672,Item_672,86.85,49
673,Item_673,79.56,77
674,Item_674,49.1,72
675,Item_675,47.93,21
676,Item_676,85.93,80
677,Item_677,29.59,35
678,Item_678,93.55,50
679,Item_679,94.99,60
680,Item_680,69.64,90
681,Item_681,11.73,10
682,Item_682,90.22,66
683,Item_683,12.65,49
684,Item_684,23.73,37
685,Item_685,84.44,41
686,Item_686,71.54,95
687,Item_687,86.92,38
688,Item_688,34.26,30
689,Item_689,57.59,58
690,Item_690,96.03,54
691,Item_691,52.36,79
692,Item_692,87.01,51
693,Item_693,74.8,23
694,Item_694,18.44,10
695,Item_695,61.95,94
696,Item_696,26.58,69
697,Item_697,74.21,95
698,Item_698,91.9,9
699,Item_699,11.3,16
700,Item_700,17.86,98
701,Item_701,43.01,60
702,Item_702,35.76,23
703,Item_703,10.6,14
704,Item_704,11.28,3
705,Item_705,36.11,11
706,Item_706,12.05,44
707,Item_707,97.56,45
708,Item_708,10.49,29
709,Item_709,62.76,61
710,Item_710,92.12,84
711,Item_711,16.27,79
712,Item_712,56.75,34
713,Item_713,67.73,64
714,Item_714,38.36,17
715,Item_715,99.72,32
716,Item_716,90.32,42
717,Item_717,79.96,35
718,Item_718,73.85,28
719,Item_719,83.41,75
720,Item_720,41.26,84
721,Item_721,97.83,11
722,Item_722,69.26,20
723,Item_723,55.14,4
724,Item_724,59.88,83
725,Item_725,19.9,38
726,Item_726,16.95,43
727,Item_727,91.16,54
728,Item_728,53.32,71
729,Item_729,98.94,61
730,Item_730,86.62,23
731,Item_731,61.52,77
732,Item_732,97.47,41
733,Item_733,31.7,53
734,Item_734,57.79,29
735,Item_735,10.93,17
736,Item_736,33.94,89
737,Item_737,94.1,14
738,Item_738,96.48,53
739,Item_739,68.34,58
740,Item_740,59.84,77
741,Item_741,20.4,46
742,Item_742,10.45,39
743,Item_743,30.07,84
744,Item_744,43.18,46
745,Item_745,38.32,46
746,Item_746,33.04,37
747,Item_747,44.09,87
748,Item_748,32.24,7
749,Item_749,10.57,56
750,Item_750,96.73,19
751,Item_751,62.68,75
752,Item_752,84.56,24
753,Item_753,57.37,25
754,Item_754,31.48,58
755,Item_755,57.46,67
756,Item_756,39.09,87
757,Item_757,24.34,25
758,Item_758,26.66,65
759,Item_759,60.31,69
760,Item_760,17.75,81
761,Item_761,45.35,93
762,Item_762,67.82,10
763,Item_763,48.39,90
764,Item_764,94.97,30
765,Item_765,40.47,97
766,Item_766,19.43,70
767,Item_767,26.05,66
768,Item_768,57.12,89
769,Item_769,56.63,18
770,Item_770,20.61,33
771,Item_771,27.7,50
772,Item_772,60.95,31
773,Item_773,15.35,30
774,Item_774,86.16,99
775,Item_775,73.35,93
776,Item_776,16.65,71
777,Item_777,71.39,18
778,Item_778,63.23,37
779,Item_779,24.83,5
780,Item_780,41.06,28
781,Item_781,30.75,67
782,Item_782,93.58,58
783,Item_783,58.54,30
784,Item_784,66.45,93
785,Item_785,94.43,40
786,Item_786,42.07,10
787,Item_787,19.41,3
788,Item_788,63.13,60
789,Item_789,43.8,49
790,Item_790,95.44,10
791,Item_791,37.59,22
792,Item_792,54.06,68
793,Item_793,71.32,23
794,Item_794,73.68,25
795,Item_795,13.32,35
796,Item_796,11.59,86
797,Item_797,56.17,47
798,Item_798,89.13,93
799,Item_799,59.15,79
800,Item_800,31.37,16
801,Item_801,47.3,21
802,Item_802,40,66
803,Item_803,39.74,28
804,Item_804,45.43,27
805,Item_805,33.05,33
806,Item_806,15.97,30
807,Item_807,74.99,55
808,Item_808,24.51,66
809,Item_809,12.97,2
810,Item_810,52.05,77
811,Item_811,25.71,64
812,Item_812,47.6,80
813,Item_813,78.71,47
814,Item_814,25.55,33
815,Item_815,65.66,81
816,Item_816,19.37,81
817,Item_817,25.12,87
818,Item_818,42.66,77
819,Item_819,62.77,94
820,Item_820,11.16,61
821,Item_821,81.57,15
822,Item_822,22.19,77
823,Item_823,24.89,84
824,Item_824,64.13,73
825,Item_825,63.61,88
826,Item_826,75.38,27
827,Item_827,13.48,69
828,Item_828,47.39,53
829,Item_829,94.29,88
830,Item_830,19.72,32
831,Item_831,64.47,38
832,Item_832,49.08,21
833,Item_833,53.35,65
834,Item_834,46.64,96
835,Item_835,71.9,63
836,Item_836,56.53,5
837,Item_837,84.71,43
838,Item_838,34.79,40
839,Item_839,90.61,36
840,Item_840,13.84,42
841,Item_841,37.69,100
842,Item_842,97.03,40
843,Item_843,30.04,16
844,Item_844,12.14,1
845,Item_845,91.39,21
846,Item_846,72.19,28
847,Item_847,98.11,54
848,Item_848,79.65,37
849,Item_849,40.41,35
850,Item_850,42.82,55
851,Item_851,36.34,30
852,Item_852,12.39,20
853,Item_853,51.22,11
854,Item_854,50.08,30
855,Item_855,22.02,18
856,Item_856,46.08,5
857,Item_857,42.22,81
858,Item_858,67.47,67
859,Item_859,53.41,89
860,Item_860,96.83,28
861,Item_861,80.05,12
862,Item_862,11.41,56
863,Item_863,29.35,49
864,Item_864,39.57,74
865,Item_865,93.27,65
866,Item_866,32.59,77
867,Item_867,96.71,89
868,Item_868,60.63,69
869,Item_869,68.64,11
870,Item_870,91.71,78
871,Item_871,66.37,11
872,Item_872,78.87,5
873,Item_873,62.07,95
874,Item_874,44.15,41
875,Item_875,36.77,100
876,Item_876,27.77,50
877,Item_877,65.92,67
878,Item_878,10.97,34
879,Item_879,37.48,27
880,Item_880,76.75,3
881,Item_881,86.07,85
882,Item_882,84.46,24
883,Item_883,23.99,81
884,Item_884,80.16,35
885,Item_885,77.08,84
886,Item_886,59.27,60
887,Item_887,52.42,4
888,Item_888,53.43,84
889,Item_889,79.77,86
890,Item_890,62.14,31
891,Item_891,26.12,31
892,Item_892,80.84,14
893,Item_893,56.52,65
894,Item_894,91.65,51
895,Item_895,62.74,52
896,Item_896,65.12,37
897,Item_897,95.51,46
898,Item_898,80.6,75
899,Item_899,82.93,80
900,Item_900,15.98,57
901,Item_901,63.89,98
902,Item_902,87.97,53
903,Item_903,40.55,9
904,Item_904,58.46,51
905,Item_905,79.8,88
906,Item_906,15.18,33
907,Item_907,17.8,96
908,Item_908,17.73,45
909,Item_909,42.45,63
910,Item_910,21.47,94
911,Item_911,67.95,19
912,Item_912,97.78,50
913,Item_913,61.81,36
914,Item_914,93.11,74
915,Item_915,30.13,42
916,Item_916,28.4,17
917,Item_917,91.02,100
918,Item_918,94.34,69
919,Item_919,95.54,69
920,Item_920,17.5,72
921,Item_921,41.38,24
922,Item_922,79.55,20
923,Item_923,57.85,42
924,Item_924,41.47,84
925,Item_925,18.23,27
926,Item_926,59.84,14
927,Item_927,89.13,42
928,Item_928,56.8,97
929,Item_929,37.54,19
930,Item_930,93.89,74
931,Item_931,71.68,29
932,Item_932,74.42,27
933,Item_933,73.9,30
934,Item_934,89.1,14
935,Item_935,39.78,66
936,Item_936,37.09,25
937,Item_937,25.03,83
938,Item_938,92.19,97
939,Item_939,39.29,3
940,Item_940,24.63,38
941,Item_941,37.93,89
942,Item_942,51.7,5
943,Item_943,98.91,73
944,Item_944,81.24,11
945,Item_945,41.41,70
946,Item_946,87.08,63
947,Item_947,29.16,51
948,Item_948,35.74,69
949,Item_949,52.96,83
950,Item_950,13.94,75
951,Item_951,26.21,80
952,Item_952,12.66,66
953,Item_953,37.02,23
954,Item_954,34.87,20
955,Item_955,28.06,84
956,Item_956,71.24,40
957,Item_957,78.36,36
958,Item_958,96,45
959,Item_959,89.02,4
960,Item_960,48.4,89
961,Item_961,84.98,14
962,Item_962,94.87,33
963,Item_963,58.02,48
964,Item_964,44.6,33
965,Item_965,63.9,98
966,Item_966,98.61,49
967,Item_967,82.96,75
968,Item_968,76.68,50
969,Item_969,81.6,80
970,Item_970,55.65,46
971,Item_971,27.67,65
972,Item_972,17.68,71
973,Item_973,91.83,15
974,Item_974,50.36,27
975,Item_975,79.76,66
976,Item_976,95.33,65
977,Item_977,72.39,2
978,Item_978,56.44,100
979,Item_979,26,81
980,Item_980,67.17,62
981,Item_981,17.41,73
982,Item_982,76.2,19
983,Item_983,30.03,35
984,Item_984,44.35,88
985,Item_985,64.73,62
986,Item_986,30.47,20
987,Item_987,37.69,28
988,Item_988,23.51,22
989,Item_989,16.64,1
990,Item_990,68.8,42
991,Item_991,87.48,6
992,Item_992,38.72,81
993,Item_993,82.54,25
994,Item_994,22.61,82
995,Item_995,65.62,52
996,Item_996,27.29,65
997,Item_997,20.9,65
998,Item_998,79.87,48
999,Item_999,92.34,11
1000,Item_1000,79.49,85
1001,Item_1001,41.34,92
1002,Item_1002,84.42,37
1003,Item_1003,15.06,26
1004,Item_1004,56.43,12
1005,Item_1005,35.76,22
1006,Item_1006,31.74,74
1007,Item_1007,84.69,51
1008,Item_1008,78.41,91
1009,Item_1009,24.06,12
1010,Item_1010,89.66,98
1011,Item_1011,70,78
1012,Item_1012,76.9,83
1013,Item_1013,88.11,86
1014,Item_1014,99.71,95
1015,Item_1015,36.16,26
1016,Item_1016,88.1,99
1017,Item_1017,28.11,93
1018,Item_1018,95.9,74
1019,Item_1019,21.7,91
1020,Item_1020,73.07,75
1021,Item_1021,26.36,82
1022,Item_1022,38.31,79
1023,Item_1023,46.19,36
1024,Item_1024,81,25
1025,Item_1025,31.62,76
1026,Item_1026,10.03,5
1027,Item_1027,16.96,41
1028,Item_1028,12.52,1
1029,Item_1029,46.84,67
1030,Item_1030,51.25,12
1031,Item_1031,32.15,13
1032,Item_1032,38.47,82
1033,Item_1033,78.92,83
1034,Item_1034,64.35,46
1035,Item_1035,37.7,51
1036,Item_1036,42.25,78
1037,Item_1037,66.15,48
1038,Item_1038,50.87,32
1039,Item_1039,46,50
1040,Item_1040,19.14,70
1041,Item_1041,47.82,53
1042,Item_1042,74.71,7
1043,Item_1043,13.97,45
1044,Item_1044,58.09,68
1045,Item_1045,93,98
1046,Item_1046,65.95,94
1047,Item_1047,83.96,22
1048,Item_1048,96.49,95
1049,Item_1049,18.96,9
1050,Item_1050,97.46,41
1051,Item_1051,37.5,82
1052,Item_1052,92.5,23
1053,Item_1053,52.94,23
1054,Item_1054,29.45,92
1055,Item_1055,94.44,6
1056,Item_1056,14.87,88
1057,Item_1057,99.87,35
1058,Item_1058,25.7,45
1059,Item_1059,56.47,27
1060,Item_1060,92.3,59
1061,Item_1061,72.2,65
1062,Item_1062,96.17,56
1063,Item_1063,93.06,6
1064,Item_1064,75.68,69
1065,Item_1065,27.71,47
1066,Item_1066,20.77,37
1067,Item_1067,64.59,48
1068,Item_1068,81.98,42
1069,Item_1069,39.38,52
1070,Item_1070,93.03,85
1071,Item_1071,27.52,37
1072,Item_1072,83.18,64
1073,Item_1073,31.57,4
1074,Item_1074,96.72,47
1075,Item_1075,58.85,36
1076,Item_1076,43.21,45
1077,Item_1077,46.99,5
1078,Item_1078,34.54,16
1079,Item_1079,51.93,74
1080,Item_1080,60.85,9
1081,Item_1081,95.26,9
1082,Item_1082,72.16,42
1083,Item_1083,41,7
1084,Item_1084,50.76,75
1085,Item_1085,62.2,93
1086,Item_1086,29.15,24
1087,Item_1087,69.01,72
1088,Item_1088,16.72,6
1089,Item_1089,93.8,62
1090,Item_1090,14.39,24
1091,Item_1091,80.73,2
1092,Item_1092,94.84,28
1093,Item_1093,48.26,6
1094,Item_1094,97.88,85
1095,Item_1095,71.94,28
1096,Item_1096,50.17,2
1097,Item_1097,29.68,76
1098,Item_1098,29.47,92
1099,Item_1099,76.33,95
1100,Item_1100,18.88,45
1101,Item_1101,19.94,27
1102,Item_1102,66.44,22
1103,Item_1103,29.29,48
1104,Item_1104,15.29,91
1105,Item_1105,69.9,73
1106,Item_1106,58.93,18
1107,Item_1107,78.07,83
1108,Item_1108,99.06,77
1109,Item_1109,69.49,76
1110,Item_1110,98.98,51
1111,Item_1111,97.34,76
1112,Item_1112,55.52,55
1113,Item_1113,87.45,4
1114,Item_1114,69.25,57
1115,Item_1115,11.28,21
1116,Item_1116,32.94,76
1117,Item_1117,34.58,41
1118,Item_1118,73.87,50
1119,Item_1119,20.19,80
1120,Item_1120,61.85,90
1121,Item_1121,31.96,26
1122,Item_1122,12.27,1
1123,Item_1123,63.46,90
1124,Item_1124,90.44,15
1125,Item_1125,93.02,80
1126,Item_1126,77.53,78
1127,Item_1127,20.41,20
1128,Item_1128,84.26,89
1129,Item_1129,57.77,78
1130,Item_1130,63.93,3
1131,Item_1131,35.96,91
1132,Item_1132,63.13,85
1133,Item_1133,54.74,53
1134,Item_1134,41.08,74
1135,Item_1135,93.83,34
1136,Item_1136,10.53,83
1137,Item_1137,21.05,52
1138,Item_1138,91.34,8
1139,Item_1139,60.47,95
1140,Item_1140,16.49,98
1141,Item_1141,36.21,28
1142,Item_1142,91.58,30
1143,Item_1143,59.27,15
1144,Item_1144,95.28,15
1145,Item_1145,15,76
1146,Item_1146,76.72,78
1147,Item_1147,94.57,88
1148,Item_1148,40.51,48
1149,Item_1149,25.47,79
1150,Item_1150,65.3,11
1151,Item_1151,44.6,60
1152,Item_1152,79.02,64
1153,Item_1153,21.34,69
1154,Item_1154,45.11,24
1155,Item_1155,50.77,53
1156,Item_1156,71.21,27
1157,Item_1157,47.66,22
1158,Item_1158,14.11,84
1159,Item_1159,76.56,7
1160,Item_1160,42.36,28
1161,Item_1161,29.01,51
1162,Item_1162,53.75,74
1163,Item_1163,21.9,87
1164,Item_1164,61.04,17
1165,Item_1165,19.81,79
1166,Item_1166,47.01,66
1167,Item_1167,25.63,20
1168,Item_1168,14.01,92
1169,Item_1169,71.55,39
1170,Item_1170,89.11,79
1171,Item_1171,32.57,62
1172,Item_1172,19.78,77
1173,Item_1173,19.98,84
1174,Item_1174,93.17,18
1175,Item_1175,65.69,100
1176,Item_1176,80.58,21
1177,Item_1177,98.71,78
1178,Item_1178,26.04,85
1179,Item_1179,78.3,8
1180,Item_1180,27.72,43
1181,Item_1181,76.99,28
1182,Item_1182,58.38,45
1183,Item_1183,26.75,57
1184,Item_1184,63.35,8
1185,Item_1185,37.89,27
1186,Item_1186,37.1,100
1187,Item_1187,95.8,84
1188,Item_1188,55.97,24
1189,Item_1189,29.35,75
1190,Item_1190,21.39,58
1191,Item_1191,14.97,30
1192,Item_1192,87.29,34
1193,Item_1193,81.79,69
1194,Item_1194,31.22,68
1195,Item_1195,80.63,50
1196,Item_1196,34.11,77
1197,Item_1197,40.97,60
1198,Item_1198,75.22,79
1199,Item_1199,80.03,99
1200,Item_1200,13.86,30
1201,Item_1201,23.06,15
1202,Item_1202,32.13,95
1203,Item_1203,31.49,75
1204,Item_1204,72.04,25
1205,Item_1205,71.91,65
1206,Item_1206,55.57,52
1207,Item_1207,36.14,82
1208,Item_1208,29.14,7
1209,Item_1209,73.85,14
1210,Item_1210,15.96,13
1211,Item_1211,85.77,77
1212,Item_1212,34.91,12
1213,Item_1213,94.03,42
1214,Item_1214,56.62,66
1215,Item_1215,85.34,18
1216,Item_1216,77.76,10
1217,Item_1217,22.73,3
1218,Item_1218,16.03,34
1219,Item_1219,94.15,90
1220,Item_1220,16.69,74
1221,Item_1221,20.67,39
1222,Item_1222,73.68,20
1223,Item_1223,40.79,63
1224,Item_1224,60.93,99
1225,Item_1225,47.92,95
1226,Item_1226,26.48,58
1227,Item_1227,55.03,74
1228,Item_1228,47.56,56
1229,Item_1229,10.5,76
1230,Item_1230,60.2,79
1231,Item_1231,62.51,90
1232,Item_1232,11.98,60
1233,Item_1233,93.44,92
1234,Item_1234,72.73,99
1235,Item_1235,11.15,21
1236,Item_1236,72.91,93
1237,Item_1237,63.17,11
1238,Item_1238,35.33,78
1239,Item_1239,24.55,40
1240,Item_1240,62.98,57
1241,Item_1241,20.58,79
1242,Item_1242,44.92,56
1243,Item_1243,22.53,60
1244,Item_1244,71.89,28
1245,Item_1245,81.59,97
1246,Item_1246,68.39,91
1247,Item_1247,18.71,61
1248,Item_1248,19.89,55
1249,Item_1249,26.03,92
1250,Item_1250,81.36,90
1251,Item_1251,65.33,78
1252,Item_1252,25.05,21
1253,Item_1253,53.49,75
1254,Item_1254,72.51,87
1255,Item_1255,92.4,23
1256,Item_1256,46.9,46
1257,Item_1257,75.38,39
1258,Item_1258,81.15,71
1259,Item_1259,40.94,27
1260,Item_1260,83.49,11
1261,Item_1261,44.59,53
1262,Item_1262,17.36,82
1263,Item_1263,81.19,22
1264,Item_1264,57.63,17
1265,Item_1265,93.18,82
1266,Item_1266,59.1,1
1267,Item_1267,15.1,64
1268,Item_1268,10.38,95
1269,Item_1269,51.31,83
1270,Item_1270,68.63,94
1271,Item_1271,92.96,20
1272,Item_1272,64.75,94
1273,Item_1273,43.92,6
1274,Item_1274,63.73,59
1275,Item_1275,70.6,77
1276,Item_1276,39.2,72
1277,Item_1277,26.75,78
1278,Item_1278,78.08,81
1279,Item_1279,25.75,75
1280,Item_1280,53.25,30
1281,Item_1281,34.13,13
1282,Item_1282,14.62,25
1283,Item_1283,64.23,57
1284,Item_1284,65.6,10
1285,Item_1285,96.9,67
1286,Item_1286,38.4,28
1287,Item_1287,78.25,26
1288,Item_1288,50.46,59
1289,Item_1289,24.17,66
1290,Item_1290,89.22,16
1291,Item_1291,67.59,81
1292,Item_1292,78.44,16
1293,Item_1293,78.14,19
1294,Item_1294,92.72,12
1295,Item_1295,69.19,45
1296,Item_1296,78.41,97
1297,Item_1297,82.49,49
1298,Item_1298,26.26,52
1299,Item_1299,38.02,75
1300,Item_1300,19.72,24
1301,Item_1301,69.24,90
1302,Item_1302,81.25,72
1303,Item_1303,30.54,20
1304,Item_1304,26.03,52
1305,Item_1305,16.57,67
1306,Item_1306,67.19,2
1307,Item_1307,38.05,16
1308,Item_1308,26.65,27
1309,Item_1309,29.59,51
1310,Item_1310,91.47,46
1311,Item_1311,68.94,99
1312,Item_1312,28.45,7
1313,Item_1313,58.94,43
1314,Item_1314,73.78,90
1315,Item_1315,59.14,64
1316,Item_1316,36.43,73
1317,Item_1317,36.38,60
1318,Item_1318,62.83,55
1319,Item_1319,61.48,20
1320,Item_1320,52.23,38
1321,Item_1321,57.68,60
1322,Item_1322,56.39,77
1323,Item_1323,26.88,19
1324,Item_1324,79.78,64
1325,Item_1325,68.19,18
1326,Item_1326,63.62,19
1327,Item_1327,92.41,24
1328,Item_1328,97.73,1
1329,Item_1329,69.81,14
1330,Item_1330,45.1,88
1331,Item_1331,47.94,22
1332,Item_1332,22.08,37
1333,Item_1333,32.65,3
1334,Item_1334,61.93,80
1335,Item_1335,23.01,47
1336,Item_1336,90.67,70
1337,Item_1337,42.07,20
1338,Item_1338,50.15,43
1339,Item_1339,18.35,59
1340,Item_1340,99.43,21
1341,Item_1341,15.86,73
1342,Item_1342,68.98,89
1343,Item_1343,72.91,62
1344,Item_1344,99,86
1345,Item_1345,90.9,43
1346,Item_1346,76.78,75
1347,Item_1347,85.62,100
1348,Item_1348,87.96,40
1349,Item_1349,86.08,73
1350,Item_1350,59.93,99
1351,Item_1351,96.67,24
1352,Item_1352,44.28,16
1353,Item_1353,20.2,90
1354,Item_1354,87.82,12
1355,Item_1355,60.71,3
1356,Item_1356,80.66,31
1357,Item_1357,82.82,1
1358,Item_1358,83.72,77
1359,Item_1359,73.96,57
1360,Item_1360,97.44,2
1361,Item_1361,38.02,49
1362,Item_1362,83.69,27
1363,Item_1363,35.47,5
1364,Item_1364,26.19,96
1365,Item_1365,96.74,64
1366,Item_1366,19.16,6
1367,Item_1367,94.84,59
1368,Item_1368,89.18,12
1369,Item_1369,12.09,35
1370,Item_1370,62.18,42
1371,Item_1371,95.23,63
1372,Item_1372,80.44,49
1373,Item_1373,26.11,1
1374,Item_1374,38.39,15
1375,Item_1375,17.92,4
1376,Item_1376,33.39,32
1377,Item_1377,15.94,37
1378,Item_1378,15.77,95
1379,Item_1379,53.54,41
1380,Item_1380,82.78,39
1381,Item_1381,78.75,18
1382,Item_1382,42.26,73
1383,Item_1383,61.46,43
1384,Item_1384,34.46,23
1385,Item_1385,74.54,11
1386,Item_1386,38.6,95
1387,Item_1387,47.99,22
1388,Item_1388,60.59,61
1389,Item_1389,36.76,13
1390,Item_1390,61.04,53
1391,Item_1391,56.67,29
1392,Item_1392,90.14,64
1393,Item_1393,82.75,28
1394,Item_1394,97.78,71
1395,Item_1395,56.08,70
1396,Item_1396,73.25,2
1397,Item_1397,39.63,84
1398,Item_1398,55.84,8
1399,Item_1399,43.9,39
1400,Item_1400,80.56,82
1401,Item_1401,64.4,65
1402,Item_1402,88.12,38
1403,Item_1403,30.75,85
1404,Item_1404,82.34,28
1405,Item_1405,26.26,60
1406,Item_1406,94.32,24
1407,Item_1407,41.13,10
1408,Item_1408,31.48,49
1409,Item_1409,53.45,52
1410,Item_1410,95.78,57
1411,Item_1411,28.26,94
1412,Item_1412,52.81,45
1413,Item_1413,63.62,46
1414,Item_1414,52.89,3
1415,Item_1415,78.93,41
1416,Item_1416,84.12,64
1417,Item_1417,52.64,91
1418,Item_1418,29.88,45
1419,Item_1419,97.4,45
1420,Item_1420,98.62,86
1421,Item_1421,33.15,92
1422,Item_1422,46.42,86
1423,Item_1423,70.94,28
1424,Item_1424,34.82,39
1425,Item_1425,84.03,30
1426,Item_1426,79.94,88
1427,Item_1427,59.54,19
1428,Item_1428,78.48,2
1429,Item_1429,94.33,59
1430,Item_1430,33.47,95
1431,Item_1431,15.77,73
1432,Item_1432,46.16,100
1433,Item_1433,24.22,34
1434,Item_1434,42.21,94
1435,Item_1435,33.75,13
1436,Item_1436,48.91,10
1437,Item_1437,83.56,23
1438,Item_1438,17.21,71
1439,Item_1439,58.45,70
1440,Item_1440,87.2,75
1441,Item_1441,96.38,2
1442,Item_1442,53.35,14
1443,Item_1443,40.13,50
1444,Item_1444,50.16,72
1445,Item_1445,49.4,64
1446,Item_1446,20.52,80
1447,Item_1447,39.1,46
1448,Item_1448,98.88,62
1449,Item_1449,86.92,28
1450,Item_1450,20.5,28
1451,Item_1451,74.47,55
1452,Item_1452,31.86,60
1453,Item_1453,73.23,46
1454,Item_1454,83.69,4
1455,Item_1455,95.81,35
1456,Item_1456,82.43,8
1457,Item_1457,39.28,12
1458,Item_1458,92.33,63
1459,Item_1459,55.31,64
1460,Item_1460,36.57,59
1461,Item_1461,48.41,98
1462,Item_1462,46.28,37
1463,Item_1463,18.35,65
1464,Item_1464,80.94,89
1465,Item_1465,14.82,80
1466,Item_1466,20.02,68
1467,Item_1467,12.06,75
1468,Item_1468,13.04,11
1469,Item_1469,95.36,58
1470,Item_1470,15.03,25
1471,Item_1471,19.6,41
1472,Item_1472,78.41,43
1473,Item_1473,95.11,31
1474,Item_1474,22.96,68
1475,Item_1475,87.31,20
1476,Item_1476,53.79,24
1477,Item_1477,72.53,42
1478,Item_1478,50.45,49
1479,Item_1479,71.74,97
1480,Item_1480,88.94,42
1481,Item_1481,45.1,84
1482,Item_1482,33.8,95
1483,Item_1483,22.03,83
1484,Item_1484,33.8,51
1485,Item_1485,59.93,91
1486,Item_1486,67.8,9
1487,Item_1487,71.2,38
1488,Item_1488,64.5,92
1489,Item_1489,70.34,98
1490,Item_1490,56.49,47
1491,Item_1491,52.54,5
1492,Item_1492,16.41,90
1493,Item_1493,87.03,31
1494,Item_1494,97.3,26
1495,Item_1495,26.91,12
1496,Item_1496,70.46,40
1497,Item_1497,75.83,73
1498,Item_1498,27.82,76
1499,Item_1499,89.22,63
1500,Item_1500,44.71,100
1501,Item_1501,79.37,71
1502,Item_1502,24.68,82
1503,Item_1503,56.14,38
1504,Item_1504,18.71,61
1505,Item_1505,64.61,75
1506,Item_1506,92.77,35
1507,Item_1507,57.87,22
1508,Item_1508,54.8,85
1509,Item_1509,76.2,59
1510,Item_1510,19.71,89
1511,Item_1511,78.09,69
1512,Item_1512,20.41,23
1513,Item_1513,95.7,63
1514,Item_1514,25.89,31
1515,Item_1515,92.11,71
1516,Item_1516,93.94,15
1517,Item_1517,20.31,93
1518,Item_1518,20.23,56
1519,Item_1519,18.39,96
1520,Item_1520,54.45,19
1521,Item_1521,35.09,16
1522,Item_1522,49.4,54
1523,Item_1523,44.67,57
1524,Item_1524,14.38,32
1525,Item_1525,10,75
1526,Item_1526,40.83,54
1527,Item_1527,46.24,81
1528,Item_1528,85.72,63
1529,Item_1529,36.74,58
1530,Item_1530,78.42,22
1531,Item_1531,48.98,31
1532,Item_1532,48.29,68
1533,Item_1533,91.79,12
1534,Item_1534,80.61,39
1535,Item_1535,36.77,6
1536,Item_1536,33.11,33
1537,Item_1537,13.94,43
1538,Item_1538,56.65,44
1539,Item_1539,34.14,52
1540,Item_1540,51.52,100
1541,Item_1541,42.62,95
1542,Item_1542,21.4,87
1543,Item_1543,45.1,15
1544,Item_1544,24.68,17
1545,Item_1545,68.98,88
1546,Item_1546,50.57,9
1547,Item_1547,73.75,57
1548,Item_1548,57.99,69
1549,Item_1549,45.76,27
1550,Item_1550,93.9,98
1551,Item_1551,36.81,24
1552,Item_1552,67.45,35
1553,Item_1553,39.41,32
1554,Item_1554,83.53,68
1555,Item_1555,16.43,32
1556,Item_1556,36.21,79
1557,Item_1557,44.95,43
1558,Item_1558,92.16,1
1559,Item_1559,55.57,4
1560,Item_1560,84.43,39
1561,Item_1561,74.76,27
1562,Item_1562,25.38,65
1563,Item_1563,84.53,76
1564,Item_1564,65.88,91
1565,Item_1565,88.61,8
1566,Item_1566,18.24,43
1567,Item_1567,83.09,85
1568,Item_1568,35.91,11
1569,Item_1569,29.76,81
1570,Item_1570,36.36,82
1571,Item_1571,23,71
1572,Item_1572,85.77,19
1573,Item_1573,53.4,38
1574,Item_1574,79.52,42
1575,Item_1575,24.71,24
1576,Item_1576,62.46,76
1577,Item_1577,21.33,54
1578,Item_1578,16.62,39
1579,Item_1579,24.74,12
1580,Item_1580,39.75,50
1581,Item_1581,38.38,61
1582,Item_1582,44.05,59
1583,Item_1583,80.36,61
1584,Item_1584,91.5,21
1585,Item_1585,44.98,59
1586,Item_1586,38.83,25
1587,Item_1587,39.82,75
1588,Item_1588,62.7,81
1589,Item_1589,73.77,56
1590,Item_1590,29.43,37
1591,Item_1591,87.77,13
1592,Item_1592,29.92,4
1593,Item_1593,13.39,15
1594,Item_1594,41.27,30
1595,Item_1595,19.19,47
1596,Item_1596,96.45,60
1597,Item_1597,33.68,17
1598,Item_1598,93.87,8
1599,Item_1599,67.2,7
1600,Item_1600,96.22,15
1601,Item_1601,22.11,21
1602,Item_1602,70.27,99
1603,Item_1603,45.85,19
1604,Item_1604,82.88,68
1605,Item_1605,84.26,51
1606,Item_1606,20.99,7
1607,Item_1607,98.36,47
1608,Item_1608,78.2,32
1609,Item_1609,63.6,59
1610,Item_1610,56.64,69
1611,Item_1611,22.55,18
1612,Item_1612,23.13,4
1613,Item_1613,71.5,83
1614,Item_1614,89.82,56
1615,Item_1615,31.15,88
1616,Item_1616,41.12,49
1617,Item_1617,65.11,51
1618,Item_1618,76.03,90
1619,Item_1619,34.44,24
1620,Item_1620,40.27,24
1621,Item_1621,67.64,18
1622,Item_1622,66.53,62
1623,Item_1623,95.67,36
1624,Item_1624,98.76,38
1625,Item_1625,92.44,95
1626,Item_1626,31.92,43
1627,Item_1627,18.91,69
1628,Item_1628,33.45,53
1629,Item_1629,99.27,1
1630,Item_1630,19.02,92
1631,Item_1631,31.58,51
1632,Item_1632,61.06,9
1633,Item_1633,51.47,63
1634,Item_1634,46.6,21
1635,Item_1635,93.82,41
1636,Item_1636,19.04,2
1637,Item_1637,80.52,22
1638,Item_1638,92.85,39
1639,Item_1639,27.79,19
1640,Item_1640,48.22,54
1641,Item_1641,27.3,11
1642,Item_1642,61.16,81
1643,Item_1643,45.16,45
1644,Item_1644,44.9,70
1645,Item_1645,45.46,34
1646,Item_1646,82.71,38
1647,Item_1647,78.79,47
1648,Item_1648,34.27,92
1649,Item_1649,57.8,58
1650,Item_1650,29.94,7
1651,Item_1651,81.28,45
1652,Item_1652,64.96,40
1653,Item_1653,79.96,52
1654,Item_1654,78.92,53
1655,Item_1655,78.97,38
1656,Item_1656,14.88,82
1657,Item_1657,25.39,4
1658,Item_1658,75.02,9
1659,Item_1659,31.45,65
1660,Item_1660,66.31,52
1661,Item_1661,94.28,21
1662,Item_1662,46.88,54
1663,Item_1663,75.62,78
1664,Item_1664,11.74,7
1665,Item_1665,23.08,91
1666,Item_1666,82.03,36
1667,Item_1667,45.9,14
1668,Item_1668,85.03,55
1669,Item_1669,14.53,85
1670,Item_1670,47.37,77
1671,Item_1671,80.38,16
1672,Item_1672,91.97,18
1673,Item_1673,56.38,89
1674,Item_1674,87.51,50
1675,Item_1675,57.54,12
1676,Item_1676,97.88,85
1677,Item_1677,58.9,81
1678,Item_1678,70.89,67
1679,Item_1679,48.19,27
1680,Item_1680,74,86
1681,Item_1681,50.36,72
1682,Item_1682,66.67,12
1683,Item_1683,71.33,59
1684,Item_1684,87.52,37
1685,Item_1685,74.02,10
1686,Item_1686,35.9,46
1687,Item_1687,10.34,44
1688,Item_1688,40.55,14
1689,Item_1689,45.72,15
1690,Item_1690,18.2,70
1691,Item_1691,51.51,63
1692,Item_1692,52.88,75
1693,Item_1693,55.48,97
1694,Item_1694,14.03,96
1695,Item_1695,53.3,89
1696,Item_1696,91.89,78
1697,Item_1697,70.71,40
1698,Item_1698,67.59,98
1699,Item_1699,90.46,26
1700,Item_1700,33.52,49
1701,Item_1701,63.21,74
1702,Item_1702,99.46,10
1703,Item_1703,28.4,13
1704,Item_1704,47.07,58
1705,Item_1705,86.65,58
1706,Item_1706,75.82,60
1707,Item_1707,39.71,62
1708,Item_1708,58.91,72
1709,Item_1709,89.57,53
1710,Item_1710,89.19,7
1711,Item_1711,86.75,73
1712,Item_1712,82.06,60
1713,Item_1713,76.42,17
1714,Item_1714,74.38,100
1715,Item_1715,98.89,5
1716,Item_1716,54.15,19
1717,Item_1717,52.89,86
1718,Item_1718,85.06,4
1719,Item_1719,68.42,61
1720,Item_1720,98.86,97
1721,Item_1721,48.24,30
1722,Item_1722,39.54,3
1723,Item_1723,82.8,43
1724,Item_1724,73.36,69
1725,Item_1725,14.94,56
1726,Item_1726,67.13,13
1727,Item_1727,37.83,55
1728,Item_1728,72.34,51
1729,Item_1729,81.85,14
1730,Item_1730,84.48,72
1731,Item_1731,83.49,87
1732,Item_1732,55.99,6
1733,Item_1733,73.76,36
1734,Item_1734,41.93,69
1735,Item_1735,40.92,7
1736,Item_1736,28.85,28
1737,Item_1737,40.8,52
1738,Item_1738,47.51,72
1739,Item_1739,10.53,100
1740,Item_1740,46.35,48
1741,Item_1741,73.27,67
1742,Item_1742,63.29,8
1743,Item_1743,68.82,15
1744,Item_1744,32.29,13
1745,Item_1745,53.46,98
1746,Item_1746,47.39,67
1747,Item_1747,21.13,42
1748,Item_1748,79.14,85
1749,Item_1749,99.69,34
1750,Item_1750,44.36,71
1751,Item_1751,94.24,25
1752,Item_1752,25.06,62
1753,Item_1753,68.42,100
1754,Item_1754,26.45,93
1755,Item_1755,47.99,32
1756,Item_1756,25.45,79
1757,Item_1757,62.87,15
1758,Item_1758,14.66,74
1759,Item_1759,91.75,52
1760,Item_1760,92.54,48
1761,Item_1761,75.93,48
1762,Item_1762,82.26,58
1763,Item_1763,20.52,67
1764,Item_1764,83.83,83
1765,Item_1765,66.69,3
1766,Item_1766,63.77,29
1767,Item_1767,88.84,42
1768,Item_1768,86.48,1
1769,Item_1769,21.28,99
1770,Item_1770,28.47,92
1771,Item_1771,79.21,81
1772,Item_1772,66.84,3
1773,Item_1773,44.07,68
1774,Item_1774,40.86,4
1775,Item_1775,14.58,99
1776,Item_1776,21.48,89
1777,Item_1777,30.07,14
1778,Item_1778,63.02,2
1779,Item_1779,85.1,90
1780,Item_1780,57.14,15
1781,Item_1781,64.17,75
1782,Item_1782,77.03,23
1783,Item_1783,78.9,39
1784,Item_1784,18.57,83
1785,Item_1785,96.49,60
1786,Item_1786,74.49,65
1787,Item_1787,90.84,41
1788,Item_1788,81.53,17
1789,Item_1789,59.58,49
1790,Item_1790,28.7,98
1791,Item_1791,58.28,68
1792,Item_1792,44.48,42
1793,Item_1793,11.06,13
1794,Item_1794,15.15,44
1795,Item_1795,96.05,11
1796,Item_1796,68.8,26
1797,Item_1797,30.27,23
1798,Item_1798,23.96,45
1799,Item_1799,51.41,99
1800,Item_1800,98.13,33
1801,Item_1801,31.97,34
1802,Item_1802,16.48,62
1803,Item_1803,98.81,65
1804,Item_1804,44.24,34
1805,Item_1805,79.11,1
1806,Item_1806,96.36,53
1807,Item_1807,53.31,18
1808,Item_1808,77.7,22
1809,Item_1809,45.55,47
1810,Item_1810,85.17,60
1811,Item_1811,12.71,93
1812,Item_1812,85.43,38
1813,Item_1813,19.46,40
1814,Item_1814,45,53
1815,Item_1815,10.84,24
1816,Item_1816,63.64,52
1817,Item_1817,95.9,67
1818,Item_1818,17.65,80
1819,Item_1819,42.85,30
1820,Item_1820,10.53,92
1821,Item_1821,38.28,100
1822,Item_1822,44.5,43
1823,Item_1823,19.84,61
1824,Item_1824,52.27,98
1825,Item_1825,37.74,77
1826,Item_1826,87.42,6
1827,Item_1827,65.71,81
1828,Item_1828,60.37,27
1829,Item_1829,91.12,70
1830,Item_1830,46.06,76
1831,Item_1831,12.53,13
1832,Item_1832,60.35,14
1833,Item_1833,23.08,83
1834,Item_1834,44.6,93
1835,Item_1835,17.23,4
1836,Item_1836,72.66,22
1837,Item_1837,64.61,39
1838,Item_1838,95.52,16
1839,Item_1839,66.77,32
1840,Item_1840,88.45,92
1841,Item_1841,79.08,28
1842,Item_1842,74.17,47
1843,Item_1843,80.9,100
1844,Item_1844,53.77,42
1845,Item_1845,70.21,26
1846,Item_1846,26.34,82
1847,Item_1847,37.34,3
1848,Item_1848,84.82,55
1849,Item_1849,82.38,56
1850,Item_1850,91.44,39
1851,Item_1851,34.6,26
1852,Item_1852,47.3,79
1853,Item_1853,22.88,44
1854,Item_1854,77.1,10
1855,Item_1855,20.3,31
1856,Item_1856,76.83,8
1857,Item_1857,44.07,21
1858,Item_1858,68.65,44
1859,Item_1859,63.05,49
1860,Item_1860,32.2,3
1861,Item_1861,24.15,41
1862,Item_1862,23.68,36
1863,Item_1863,90.48,62
1864,Item_1864,17.84,94
1865,Item_1865,89.24,73
1866,Item_1866,62.97,80
1867,Item_1867,18.03,61
1868,Item_1868,35.36,51
1869,Item_1869,74.54,29
1870,Item_1870,64.3,57
1871,Item_1871,54.73,43
1872,Item_1872,42.02,57
1873,Item_1873,61.85,8
1874,Item_1874,67.14,31
1875,Item_1875,83.09,49
1876,Item_1876,54.25,80
1877,Item_1877,26.26,44
1878,Item_1878,77.49,56
1879,Item_1879,71.36,89
1880,Item_1880,38.88,75
1881,Item_1881,72.02,25
1882,Item_1882,55.09,49
1883,Item_1883,23.58,98
1884,Item_1884,38.14,43
1885,Item_1885,66.26,68
1886,Item_1886,46.2,27
1887,Item_1887,76.83,5
1888,Item_1888,56.66,62
1889,Item_1889,22.2,43
1890,Item_1890,89.27,44
1891,Item_1891,54.92,43
1892,Item_1892,29.03,18
1893,Item_1893,35.78,61
1894,Item_1894,99.34,36
1895,Item_1895,88.51,5
1896,Item_1896,18.13,23
1897,Item_1897,20.99,20
1898,Item_1898,35.3,5
1899,Item_1899,32.24,99
1900,Item_1900,88.72,24
1901,Item_1901,19.22,49
1902,Item_1902,44.33,16
1903,Item_1903,42.79,47
1904,Item_1904,40.42,5
1905,Item_1905,13.04,38
1906,Item_1906,47.01,59
1907,Item_1907,40.24,25
1908,Item_1908,38.96,75
1909,Item_1909,58.7,8
1910,Item_1910,79.88,85
1911,Item_1911,22.59,25
1912,Item_1912,46.31,99
1913,Item_1913,68.15,11
1914,Item_1914,22.41,9
1915,Item_1915,32.31,15
1916,Item_1916,47.66,55
1917,Item_1917,63.14,43
1918,Item_1918,80.47,43
1919,Item_1919,67.8,52
1920,Item_1920,40.8,2
1921,Item_1921,13.56,57
1922,Item_1922,83.78,45
1923,Item_1923,99.04,40
1924,Item_1924,96.99,4
1925,Item_1925,63.47,77
1926,Item_1926,94.19,40
1927,Item_1927,30.57,22
1928,Item_1928,11.23,98
1929,Item_1929,59.72,78
1930,Item_1930,11.49,96
1931,Item_1931,36.33,11
1932,Item_1932,97.87,77
1933,Item_1933,60.59,21
1934,Item_1934,21.1,37
1935,Item_1935,41.32,63
1936,Item_1936,98.38,14
1937,Item_1937,98.35,47
1938,Item_1938,40.37,66
1939,Item_1939,13.11,52
1940,Item_1940,34.84,57
1941,Item_1941,30.25,62
1942,Item_1942,48.84,12
1943,Item_1943,13.83,100
1944,Item_1944,34.49,79
1945,Item_1945,22.15,99
1946,Item_1946,46.03,1
1947,Item_1947,14.37,23
1948,Item_1948,67.68,91
1949,Item_1949,32.87,62
1950,Item_1950,47.11,33
1951,Item_1951,15.9,36
1952,Item_1952,10.9,4
1953,Item_1953,63.92,70
1954,Item_1954,29.76,84
1955,Item_1955,68.24,70
1956,Item_1956,17.03,89
1957,Item_1957,99,7
1958,Item_1958,27.09,12
1959,Item_1959,56.2,29
1960,Item_1960,66.09,26
1961,Item_1961,98.87,7
1962,Item_1962,17.34,17
1963,Item_1963,50.22,71
1964,Item_1964,91.38,7
1965,Item_1965,20.9,88
1966,Item_1966,35.45,86
1967,Item_1967,12.5,5
1968,Item_1968,54.91,9
1969,Item_1969,77.51,63
1970,Item_1970,84.79,100
1971,Item_1971,99.45,42
1972,Item_1972,78.18,50
1973,Item_1973,65.28,42
1974,Item_1974,26.73,89
1975,Item_1975,93.46,46
1976,Item_1976,87.21,86
1977,Item_1977,22.03,45
1978,Item_1978,82.37,61
1979,Item_1979,71.94,24
1980,Item_1980,50.89,6
1981,Item_1981,37.3,28
1982,Item_1982,75.68,30
1983,Item_1983,70.04,14
1984,Item_1984,48.2,29
1985,Item_1985,19.32,16
1986,Item_1986,96.08,72
1987,Item_1987,18.27,62
1988,Item_1988,52.83,43
1989,Item_1989,54.67,76
1990,Item_1990,57.38,24
1991,Item_1991,52.65,27
1992,Item_1992,59.03,1
1993,Item_1993,44.64,51
1994,Item_1994,64.5,4
1995,Item_1995,11.09,96
1996,Item_1996,99.42,53
1997,Item_1997,32.6,92
1998,Item_1998,78.36,21
1999,Item_1999,91.06,93
2000,Item_2000,67.02,81
2001,Item_2001,90.44,4
2002,Item_2002,87.29,59
2003,Item_2003,64.47,80
2004,Item_2004,60.77,98
2005,Item_2005,75.37,87
2006,Item_2006,42.8,38
2007,Item_2007,34.56,96
2008,Item_2008,83.43,52
2009,Item_2009,41.92,20
2010,Item_2010,10.36,86
2011,Item_2011,66.42,14
2012,Item_2012,88.22,96
2013,Item_2013,89.86,9
2014,Item_2014,31.2,15
2015,Item_2015,78.9,10
2016,Item_2016,54.4,10
2017,Item_2017,91.99,24
2018,Item_2018,93.62,82
2019,Item_2019,81.67,71
2020,Item_2020,90.69,11
2021,Item_2021,93.46,23
2022,Item_2022,44.79,64
2023,Item_2023,29.66,47
2024,Item_2024,89.18,91
2025,Item_2025,67.48,77
2026,Item_2026,63.46,94
2027,Item_2027,96.82,84
2028,Item_2028,17.61,28
2029,Item_2029,71.75,58
2030,Item_2030,55.31,84
2031,Item_2031,64.47,52
2032,Item_2032,15.68,42
2033,Item_2033,71.58,98
2034,Item_2034,14.08,81
2035,Item_2035,85.9,81
2036,Item_2036,35.12,4
2037,Item_2037,45.1,88
2038,Item_2038,68.13,18
2039,Item_2039,37.59,86
2040,Item_2040,79.75,49
2041,Item_2041,72.97,17
2042,Item_2042,15.47,37
2043,Item_2043,79.59,20
2044,Item_2044,10.35,72
2045,Item_2045,54.23,93
2046,Item_2046,59.82,41
2047,Item_2047,83.47,8
2048,Item_2048,70.3,6
2049,Item_2049,99.3,9
2050,Item_2050,11.6,94
2051,Item_2051,99.9,100
2052,Item_2052,96.5,30
2053,Item_2053,74.47,55
2054,Item_2054,21.1,56
2055,Item_2055,25.63,13
2056,Item_2056,30.04,37
2057,Item_2057,11.13,20
2058,Item_2058,20.52,98
2059,Item_2059,31.98,19
2060,Item_2060,98.51,27
2061,Item_2061,43.4,14
2062,Item_2062,25.06,72
2063,Item_2063,88.92,99
2064,Item_2064,22.94,52
2065,Item_2065,65.26,72
2066,Item_2066,52.33,74
2067,Item_2067,93.97,12
2068,Item_2068,31.2,50
2069,Item_2069,84.24,20
2070,Item_2070,23.62,70
2071,Item_2071,35.23,17
2072,Item_2072,69.51,18
2073,Item_2073,90.03,58
2074,Item_2074,63.05,99
2075,Item_2075,28.17,48
2076,Item_2076,85.73,38
2077,Item_2077,47.29,28
2078,Item_2078,40.03,39
2079,Item_2079,11.82,68
2080,Item_2080,79.23,58
2081,Item_2081,62.85,37
2082,Item_2082,18.04,37
2083,Item_2083,90.48,48
2084,Item_2084,85.84,100
2085,Item_2085,10.86,31
2086,Item_2086,86.89,78
2087,Item_2087,90.9,35
2088,Item_2088,71.03,90
2089,Item_2089,54.37,53
2090,Item_2090,48.79,39
2091,Item_2091,61.61,33
2092,Item_2092,65.82,13
2093,Item_2093,49.7,13
2094,Item_2094,26.49,13
2095,Item_2095,55.65,1
2096,Item_2096,77.26,38
2097,Item_2097,42.44,40
2098,Item_2098,76.3,37
2099,Item_2099,50.99,66
2100,Item_2100,64.96,13
2101,Item_2101,12.45,57
2102,Item_2102,76.04,45
2103,Item_2103,80.07,15
2104,Item_2104,21.71,12
2105,Item_2105,65.93,96
2106,Item_2106,99.1,12
2107,Item_2107,36.19,24
2108,Item_2108,30.33,21
2109,Item_2109,85.49,80
2110,Item_2110,63.74,41
2111,Item_2111,90.43,62
2112,Item_2112,83.05,68
2113,Item_2113,53.74,39
2114,Item_2114,71.71,40
2115,Item_2115,51.91,58
2116,Item_2116,11.83,85
2117,Item_2117,89.28,24
2118,Item_2118,81.22,34
2119,Item_2119,57.01,70
2120,Item_2120,10.17,41
2121,Item_2121,18.31,61
2122,Item_2122,61.06,12
2123,Item_2123,59.31,51
2124,Item_2124,53.65,65
2125,Item_2125,62.23,26
2126,Item_2126,87.62,21
2127,Item_2127,10.12,50
2128,Item_2128,71.24,76
2129,Item_2129,91.3,96
2130,Item_2130,63.79,40
2131,Item_2131,80.18,66
2132,Item_2132,60.99,30
2133,Item_2133,37.29,65
2134,Item_2134,11.8,31
2135,Item_2135,71.4,89
2136,Item_2136,22.93,25
2137,Item_2137,35.99,49
2138,Item_2138,80.85,19
2139,Item_2139,82.7,38
2140,Item_2140,88.52,85
2141,Item_2141,29.6,99
2142,Item_2142,53.14,18
2143,Item_2143,78.51,21
2144,Item_2144,28.46,16
2145,Item_2145,69.22,20
2146,Item_2146,95.82,11
2147,Item_2147,50.73,24
2148,Item_2148,66.29,87
2149,Item_2149,96.08,85
2150,Item_2150,31.08,53
2151,Item_2151,88.02,30
2152,Item_2152,23.59,79
2153,Item_2153,86.27,6
2154,Item_2154,15.09,21
2155,Item_2155,80.74,75
2156,Item_2156,91.31,69
2157,Item_2157,87.75,1
2158,Item_2158,51.74,23
2159,Item_2159,88.69,99
2160,Item_2160,42.06,49
2161,Item_2161,44.86,59
2162,Item_2162,13.91,58
2163,Item_2163,29.39,16
2164,Item_2164,39.91,71
2165,Item_2165,45.54,44
2166,Item_2166,81.55,7
2167,Item_2167,74.28,23
2168,Item_2168,94.45,32
2169,Item_2169,86.48,26
2170,Item_2170,38.89,72
2171,Item_2171,47.96,8
2172,Item_2172,11.18,93
2173,Item_2173,37.55,58
2174,Item_2174,81.63,18
2175,Item_2175,49.04,20
2176,Item_2176,54.72,69
2177,Item_2177,26.66,26
2178,Item_2178,47.56,34
2179,Item_2179,14.56,56
2180,Item_2180,63.83,5
2181,Item_2181,61.27,9
2182,Item_2182,86.1,52
2183,Item_2183,67.69,12
2184,Item_2184,51.22,31
2185,Item_2185,98.72,35
2186,Item_2186,48.57,87
2187,Item_2187,14.49,14
2188,Item_2188,51.78,15
2189,Item_2189,36.33,43
2190,Item_2190,18.5,29
2191,Item_2191,14.72,27
2192,Item_2192,50.66,55
2193,Item_2193,97.17,39
2194,Item_2194,21.16,78
2195,Item_2195,91.65,68
2196,Item_2196,11.97,87
2197,Item_2197,82.96,68
2198,Item_2198,89.94,25
2199,Item_2199,90.65,25
2200,Item_2200,29.7,10
2201,Item_2201,18.91,47
2202,Item_2202,83.02,30
2203,Item_2203,77.43,36
2204,Item_2204,22.99,91
2205,Item_2205,59.94,58
2206,Item_2206,82.89,67
2207,Item_2207,65.72,64
2208,Item_2208,84.46,20
2209,Item_2209,68.6,56
2210,Item_2210,98.22,20
2211,Item_2211,57.49,67
2212,Item_2212,13.33,16
2213,Item_2213,50.75,10
2214,Item_2214,11.46,69
2215,Item_2215,49.35,25
2216,Item_2216,29.02,7
2217,Item_2217,31.39,82
2218,Item_2218,18.71,8
2219,Item_2219,96.66,70
2220,Item_2220,81.54,82
2221,Item_2221,16.68,22
2222,Item_2222,25.2,93
2223,Item_2223,10.48,87
2224,Item_2224,87.14,80
2225,Item_2225,44.2,78
2226,Item_2226,48.17,70
2227,Item_2227,94.7,42
2228,Item_2228,13.16,20
2229,Item_2229,93.18,74
2230,Item_2230,50.23,27
2231,Item_2231,25.98,4
2232,Item_2232,67.39,22
2233,Item_2233,94.64,57
2234,Item_2234,32.4,78
2235,Item_2235,78.91,67
2236,Item_2236,28.21,6
2237,Item_2237,41.71,70
2238,Item_2238,86.71,65
2239,Item_2239,78.92,27
2240,Item_2240,79.05,21
2241,Item_2241,95.52,53
2242,Item_2242,33.1,98
2243,Item_2243,20.47,77
2244,Item_2244,23.97,66
2245,Item_2245,19.42,9
2246,Item_2246,29.24,44
2247,Item_2247,27.84,57
2248,Item_2248,45.92,23
2249,Item_2249,46,5
2250,Item_2250,93.54,57
2251,Item_2251,30.62,87
2252,Item_2252,93.26,62
2253,Item_2253,97.04,90
2254,Item_2254,75.07,32
2255,Item_2255,41.64,43
2256,Item_2256,72.47,28
2257,Item_2257,38.6,21
2258,Item_2258,65.13,23
2259,Item_2259,48.43,57
2260,Item_2260,59.5,50
2261,Item_2261,12.46,10
2262,Item_2262,98.25,48
2263,Item_2263,36.87,59
2264,Item_2264,40.24,31
2265,Item_2265,88.36,71
2266,Item_2266,17.85,39
2267,Item_2267,58.66,73
2268,Item_2268,70.97,42
2269,Item_2269,84.51,78
2270,Item_2270,52.29,65
2271,Item_2271,47.02,23
2272,Item_2272,69.29,32
2273,Item_2273,24.68,23
2274,Item_2274,84.13,70
2275,Item_2275,40.8,84
2276,Item_2276,87.79,87
2277,Item_2277,29.21,96
2278,Item_2278,79.13,43
2279,Item_2279,42.33,87
2280,Item_2280,32.21,64
2281,Item_2281,52.56,97
2282,Item_2282,35.25,11
2283,Item_2283,74.59,46
2284,Item_2284,29.95,3
2285,Item_2285,28.06,20
2286,Item_2286,21.2,7
2287,Item_2287,14.27,92
2288,Item_2288,50.11,65
2289,Item_2289,63.83,19
2290,Item_2290,48.35,21
2291,Item_2291,29.41,2
2292,Item_2292,46.42,23
2293,Item_2293,34.09,58
2294,Item_2294,51.85,3
2295,Item_2295,81.06,19
2296,Item_2296,98.36,51
2297,Item_2297,77.02,36
2298,Item_2298,65.19,62
2299,Item_2299,15.04,6
2300,Item_2300,19.96,42
2301,Item_2301,83.25,63
2302,Item_2302,25.9,22
2303,Item_2303,28.75,54
2304,Item_2304,53.86,50
2305,Item_2305,39.07,90
2306,Item_2306,76.49,23
2307,Item_2307,22.32,26
2308,Item_2308,38.17,71
2309,Item_2309,27.12,27
2310,Item_2310,76.7,5
2311,Item_2311,56.88,33
2312,Item_2312,15.96,89
2313,Item_2313,20.54,32
2314,Item_2314,20.1,74
2315,Item_2315,72.16,22
2316,Item_2316,29.47,12
2317,Item_2317,37.24,31
2318,Item_2318,22.57,78
2319,Item_2319,86.27,1
2320,Item_2320,28.14,93
2321,Item_2321,16.83,50
2322,Item_2322,53.15,11
2323,Item_2323,23.4,43
2324,Item_2324,43.59,89
2325,Item_2325,53.2,43
2326,Item_2326,49.05,93
2327,Item_2327,10.65,39
2328,Item_2328,91.21,22
2329,Item_2329,93.41,4
2330,Item_2330,91.12,78
2331,Item_2331,43.98,43
2332,Item_2332,65.17,11
2333,Item_2333,38.25,84
2334,Item_2334,60.43,50
2335,Item_2335,18.33,59
2336,Item_2336,63.7,95
2337,Item_2337,34.2,22
2338,Item_2338,10.69,17
2339,Item_2339,93.89,25
2340,Item_2340,74.85,83
2341,Item_2341,70.79,9
2342,Item_2342,31.66,14
2343,Item_2343,78.35,4
2344,Item_2344,24.64,83
2345,Item_2345,96.53,16
2346,Item_2346,98.73,56
2347,Item_2347,62.66,33
2348,Item_2348,80.64,28
2349,Item_2349,37.2,62
2350,Item_2350,56.76,92
2351,Item_2351,88.2,35
2352,Item_2352,44.55,100
2353,Item_2353,91.67,17
2354,Item_2354,91.38,62
2355,Item_2355,54.72,71
2356,Item_2356,76.35,60
2357,Item_2357,55.91,71
2358,Item_2358,62.63,71
2359,Item_2359,95.64,77
2360,Item_2360,98.87,92
2361,Item_2361,96.65,34
2362,Item_2362,66.6,63
2363,Item_2363,83.65,77
2364,Item_2364,63.05,37
2365,Item_2365,88.02,10
2366,Item_2366,50.61,35
2367,Item_2367,15.37,93
2368,Item_2368,47.88,82
2369,Item_2369,56.1,46
2370,Item_2370,61.74,13
2371,Item_2371,67.72,28
2372,Item_2372,33.57,78
2373,Item_2373,31.49,76
2374,Item_2374,59.83,9
2375,Item_2375,93.71,46
2376,Item_2376,54.82,76
2377,Item_2377,81.77,73
2378,Item_2378,29.53,73
2379,Item_2379,11.92,53
2380,Item_2380,17.01,14
2381,Item_2381,15.76,71
2382,Item_2382,48.34,2
2383,Item_2383,85.49,37
2384,Item_2384,57.03,12
2385,Item_2385,75.68,64
2386,Item_2386,87.38,68
2387,Item_2387,69.95,72
2388,Item_2388,83.96,19
2389,Item_2389,97.49,74
2390,Item_2390,92.55,67
2391,Item_2391,93.5,42
2392,Item_2392,29.85,83
2393,Item_2393,62.87,93
2394,Item_2394,41.38,16
2395,Item_2395,93.78,82
2396,Item_2396,28.99,62
2397,Item_2397,75.34,16
2398,Item_2398,12.03,77
2399,Item_2399,13.37,27
2400,Item_2400,12.28,43
2401,Item_2401,10.03,29
2402,Item_2402,53.82,19
2403,Item_2403,44.69,31
2404,Item_2404,70.13,41
2405,Item_2405,46.3,50
2406,Item_2406,81.22,79
2407,Item_2407,93.44,46
2408,Item_2408,71.83,19
2409,Item_2409,58.75,11
2410,Item_2410,88.66,61
2411,Item_2411,50.91,99
2412,Item_2412,61.68,27
2413,Item_2413,26.24,24
2414,Item_2414,67.68,96
2415,Item_2415,69.63,3
2416,Item_2416,88.19,68
2417,Item_2417,50.66,50
2418,Item_2418,87.07,14
2419,Item_2419,20.87,58
2420,Item_2420,24.93,39
2421,Item_2421,44.35,64
2422,Item_2422,27.2,59
2423,Item_2423,22.58,54
2424,Item_2424,25.64,14
2425,Item_2425,22.19,42
2426,Item_2426,61.44,58
2427,Item_2427,38.03,12
2428,Item_2428,77.09,74
2429,Item_2429,15.16,60
2430,Item_2430,21.5,15
2431,Item_2431,19.16,51
2432,Item_2432,73.6,53
2433,Item_2433,37.5,93
2434,Item_2434,79.74,47
2435,Item_2435,22.62,10
2436,Item_2436,38.54,27
2437,Item_2437,44.95,63
2438,Item_2438,91.41,65
2439,Item_2439,67.84,75
2440,Item_2440,49.35,71
2441,Item_2441,66.57,73
2442,Item_2442,74.41,13
2443,Item_2443,96.56,92
2444,Item_2444,15.27,20
2445,Item_2445,13.73,71
2446,Item_2446,53.86,4
2447,Item_2447,33.82,23
2448,Item_2448,84.28,53
2449,Item_2449,32.18,15
2450,Item_2450,44.79,16
2451,Item_2451,82.34,22
2452,Item_2452,86.48,63
2453,Item_2453,37.08,23
2454,Item_2454,70.81,50
2455,Item_2455,19.74,12
2456,Item_2456,17.1,33
2457,Item_2457,15.39,14
2458,Item_2458,44.65,65
2459,Item_2459,22.04,92
2460,Item_2460,26.99,8
2461,Item_2461,86.75,64
2462,Item_2462,40.04,48
2463,Item_2463,30.51,57
2464,Item_2464,54.09,73
2465,Item_2465,33.85,38
2466,Item_2466,16.7,37
2467,Item_2467,60.2,96
2468,Item_2468,68.34,100
2469,Item_2469,38.02,3
2470,Item_2470,94.11,31
2471,Item_2471,87.76,32
2472,Item_2472,34.06,15
2473,Item_2473,57.6,33
2474,Item_2474,10.83,97
2475,Item_2475,59.45,66
2476,Item_2476,17.63,37
2477,Item_2477,50.25,49
2478,Item_2478,10.7,11
2479,Item_2479,52.6,27
2480,Item_2480,32.45,8
2481,Item_2481,98.74,99
2482,Item_2482,26.39,62
2483,Item_2483,39.96,28
2484,Item_2484,12.2,79
2485,Item_2485,81.06,19
2486,Item_2486,56,9
2487,Item_2487,98.96,77
2488,Item_2488,69.53,43
2489,Item_2489,76.85,52
2490,Item_2490,22.1,17
2491,Item_2491,15.36,41
2492,Item_2492,95.05,72
2493,Item_2493,34.91,39
2494,Item_2494,67.81,87
2495,Item_2495,91.47,25
2496,Item_2496,35.76,23
2497,Item_2497,54.03,10
2498,Item_2498,93.9,65
2499,Item_2499,66.32,81
2500,Item_2500,53.32,78
2501,Item_2501,27.27,74
2502,Item_2502,62.21,53
2503,Item_2503,26.67,26
2504,Item_2504,45.23,18
2505,Item_2505,58.07,19
2506,Item_2506,31.29,78
2507,Item_2507,58.83,8
2508,Item_2508,87.95,64
2509,Item_2509,37.15,65
2510,Item_2510,90.92,27
2511,Item_2511,32.78,86
2512,Item_2512,48.06,86
2513,Item_2513,36.12,81
2514,Item_2514,61.21,28
2515,Item_2515,88.17,61
2516,Item_2516,42.12,2
2517,Item_2517,47.15,76
2518,Item_2518,98.52,52
2519,Item_2519,25.6,72
2520,Item_2520,84.8,50
2521,Item_2521,89.6,30
2522,Item_2522,97.37,16
2523,Item_2523,45.64,56
2524,Item_2524,84.08,41
2525,Item_2525,23.31,67
2526,Item_2526,13.9,80
2527,Item_2527,69.93,93
2528,Item_2528,68.84,37
2529,Item_2529,19.5,14
2530,Item_2530,58.14,5
2531,Item_2531,73.39,71
2532,Item_2532,10.95,59
2533,Item_2533,84.74,100
2534,Item_2534,20.59,91
2535,Item_2535,99.58,19
2536,Item_2536,40.97,72
2537,Item_2537,15.11,22
2538,Item_2538,31.36,33
2539,Item_2539,13.19,42
2540,Item_2540,79.66,54
2541,Item_2541,75.12,83
2542,Item_2542,40.69,33
2543,Item_2543,56.98,45
2544,Item_2544,42.1,62
2545,Item_2545,30.45,47
2546,Item_2546,60.51,4
2547,Item_2547,16.34,72
2548,Item_2548,53.46,17
2549,Item_2549,92.19,91
2550,Item_2550,15.54,19
2551,Item_2551,80.58,57
2552,Item_2552,78.33,16
2553,Item_2553,10.46,94
2554,Item_2554,54.96,86
2555,Item_2555,66.71,88
2556,Item_2556,28.24,71
2557,Item_2557,50.56,72
2558,Item_2558,70.28,17
2559,Item_2559,18.23,28
2560,Item_2560,65.41,76
2561,Item_2561,22,39
2562,Item_2562,92.52,15
2563,Item_2563,91.54,49
2564,Item_2564,51.86,14
2565,Item_2565,26.87,51
2566,Item_2566,13.1,5
2567,Item_2567,84.88,69
2568,Item_2568,31.66,60
2569,Item_2569,35.42,96
2570,Item_2570,41.89,2
2571,Item_2571,44.77,45
2572,Item_2572,95.56,6
2573,Item_2573,97.92,2
2574,Item_2574,72.41,69
2575,Item_2575,42.02,22
2576,Item_2576,92.61,87
2577,Item_2577,62.52,98
2578,Item_2578,23.88,58
2579,Item_2579,69.08,4
2580,Item_2580,89.46,48
2581,Item_2581,67.11,82
2582,Item_2582,26.68,61
2583,Item_2583,78,27
2584,Item_2584,87.21,75
2585,Item_2585,79.11,12
2586,Item_2586,82.72,59
2587,Item_2587,67.49,35
2588,Item_2588,32.71,21
2589,Item_2589,99.97,61
2590,Item_2590,75.13,88
2591,Item_2591,37.57,51
2592,Item_2592,56.12,75
2593,Item_2593,44.29,21
2594,Item_2594,61.95,29
2595,Item_2595,41.78,78
2596,Item_2596,75.84,19
2597,Item_2597,14.05,62
2598,Item_2598,12.55,29
2599,Item_2599,11.64,27
2600,Item_2600,22.02,54
2601,Item_2601,89.74,50
2602,Item_2602,79.78,21
2603,Item_2603,74.32,71
2604,Item_2604,13.83,81
2605,Item_2605,49.94,7
2606,Item_2606,52.36,48
2607,Item_2607,50.07,14
2608,Item_2608,78.12,81
2609,Item_2609,89.08,13
2610,Item_2610,29.42,84
2611,Item_2611,31.99,88
2612,Item_2612,95.97,73
2613,Item_2613,13.91,14
2614,Item_2614,22.06,67
2615,Item_2615,65.74,3
2616,Item_2616,40.52,3
2617,Item_2617,97.38,21
2618,Item_2618,92.36,25
2619,Item_2619,52.98,94
2620,Item_2620,32.77,53
2621,Item_2621,28.31,59
2622,Item_2622,83.38,56
2623,Item_2623,49.07,11
2624,Item_2624,26.4,84
2625,Item_2625,57.03,37
2626,Item_2626,68.1,56
2627,Item_2627,25.97,13
2628,Item_2628,91.81,32
2629,Item_2629,22.92,78
2630,Item_2630,10.06,70
2631,Item_2631,79.38,49
2632,Item_2632,41.96,51
2633,Item_2633,45.69,14
2634,Item_2634,41.78,85
2635,Item_2635,26.86,41
2636,Item_2636,65.14,29
2637,Item_2637,50.6,40
2638,Item_2638,46.74,15
2639,Item_2639,77.54,74
2640,Item_2640,10.72,52
2641,Item_2641,17.44,9
2642,Item_2642,70.84,38
2643,Item_2643,15.04,96
2644,Item_2644,69.55,5
2645,Item_2645,66.5,85
2646,Item_2646,55.02,97
2647,Item_2647,67.37,39
2648,Item_2648,48.88,66
2649,Item_2649,44.19,6
2650,Item_2650,55.77,5
2651,Item_2651,34.22,28
2652,Item_2652,21.08,57
2653,Item_2653,46.51,60
2654,Item_2654,47.48,65
2655,Item_2655,51.54,16
2656,Item_2656,73.41,11
2657,Item_2657,68.44,90
2658,Item_2658,26.31,95
2659,Item_2659,71.65,33
2660,Item_2660,64.28,59
2661,Item_2661,26.92,5
2662,Item_2662,47.43,6
2663,Item_2663,23.41,51
2664,Item_2664,22.04,58
2665,Item_2665,47.76,70
2666,Item_2666,51.1,13
2667,Item_2667,98.52,17
2668,Item_2668,44.18,14
2669,Item_2669,55.43,72
2670,Item_2670,60.83,49
2671,Item_2671,76.11,86
2672,Item_2672,31.98,10
2673,Item_2673,83.42,33
2674,Item_2674,71.83,21
2675,Item_2675,31.23,6
2676,Item_2676,26.96,28
2677,Item_2677,46.84,89
2678,Item_2678,88.73,57
2679,Item_2679,92.21,52
2680,Item_2680,33.89,63
2681,Item_2681,64.52,56
2682,Item_2682,18.76,25
2683,Item_2683,27.84,93
2684,Item_2684,68.25,51
2685,Item_2685,52.34,68
2686,Item_2686,59.02,55
2687,Item_2687,90.35,76
2688,Item_2688,69.47,26
2689,Item_2689,90.22,74
2690,Item_2690,33.68,32
2691,Item_2691,24.02,2
2692,Item_2692,28.63,53
2693,Item_2693,41.75,20
2694,Item_2694,33.58,40
2695,Item_2695,66.24,63
2696,Item_2696,49.31,78
2697,Item_2697,17.63,16
2698,Item_2698,84.99,67
2699,Item_2699,40.58,26
2700,Item_2700,21.63,3
2701,Item_2701,61.35,57
2702,Item_2702,13.12,10
2703,Item_2703,86.29,74
2704,Item_2704,95.12,28
2705,Item_2705,96.44,100
2706,Item_2706,84.81,67
2707,Item_2707,45.47,42
2708,Item_2708,62.2,88
2709,Item_2709,58.1,20
2710,Item_2710,93.39,7
2711,Item_2711,40.31,30
2712,Item_2712,63.59,17
2713,Item_2713,69.35,65
2714,Item_2714,53.69,55
2715,Item_2715,32.74,64
2716,Item_2716,35.47,72
2717,Item_2717,67.15,39
2718,Item_2718,34.97,82
2719,Item_2719,39,3
2720,Item_2720,67.04,25
2721,Item_2721,41.74,100
2722,Item_2722,99.78,63
2723,Item_2723,20.6,33
2724,Item_2724,83.53,85
2725,Item_2725,21.49,3
2726,Item_2726,90.92,59
2727,Item_2727,62.72,69
2728,Item_2728,73.77,15
2729,Item_2729,11.65,78
2730,Item_2730,15.19,21
2731,Item_2731,95.14,43
2732,Item_2732,75.87,82
2733,Item_2733,96.82,33
2734,Item_2734,80.65,64
2735,Item_2735,22.76,80
2736,Item_2736,42.13,52
2737,Item_2737,22.26,72
2738,Item_2738,63.42,67
2739,Item_2739,27.26,34
2740,Item_2740,56.5,86
2741,Item_2741,97.35,1
2742,Item_2742,61.33,93
2743,Item_2743,96.37,23
2744,Item_2744,35.32,84
2745,Item_2745,50.69,42
2746,Item_2746,21.09,5
2747,Item_2747,51,5
2748,Item_2748,17.21,25
2749,Item_2749,97.42,92
2750,Item_2750,26.55,67
2751,Item_2751,77.86,37
2752,Item_2752,68.41,46
2753,Item_2753,19.7,63
2754,Item_2754,64.66,1
2755,Item_2755,55.66,53
2756,Item_2756,24.04,59
2757,Item_2757,75.37,41
2758,Item_2758,26.77,9
2759,Item_2759,95.7,45
2760,Item_2760,89.54,99
2761,Item_2761,73.84,37
2762,Item_2762,89.31,13
2763,Item_2763,19.84,27
2764,Item_2764,79.41,73
2765,Item_2765,77.17,87
2766,Item_2766,60.09,23
2767,Item_2767,45.89,94
2768,Item_2768,12.05,65
2769,Item_2769,73.5,34
2770,Item_2770,42.31,7
2771,Item_2771,23.47,56
2772,Item_2772,24.32,86
2773,Item_2773,25.95,87
2774,Item_2774,83.02,14
2775,Item_2775,41.07,22
2776,Item_2776,19.07,52
2777,Item_2777,61.67,41
2778,Item_2778,55.82,19
2779,Item_2779,85.78,83
2780,Item_2780,92.42,98
2781,Item_2781,41.14,87
2782,Item_2782,30.59,87
2783,Item_2783,31.77,58
2784,Item_2784,68.56,40
2785,Item_2785,87.69,63
2786,Item_2786,44.61,45
2787,Item_2787,86.14,61
2788,Item_2788,45.02,87
2789,Item_2789,27.15,100
2790,Item_2790,77.3,84
2791,Item_2791,83.09,42
2792,Item_2792,38.31,99
2793,Item_2793,52.7,100
2794,Item_2794,58.97,97
2795,Item_2795,67.41,86
2796,Item_2796,72.79,17
2797,Item_2797,44.29,7
2798,Item_2798,89.75,60
2799,Item_2799,15.67,41
2800,Item_2800,83.82,39
2801,Item_2801,62.06,86
2802,Item_2802,38.84,29
2803,Item_2803,38.92,41
2804,Item_2804,49.23,11
2805,Item_2805,62.85,32
2806,Item_2806,21.64,36
2807,Item_2807,17.25,32
2808,Item_2808,68.56,2
2809,Item_2809,33.68,17
2810,Item_2810,69.23,25
2811,Item_2811,18.24,73
2812,Item_2812,76.58,7
2813,Item_2813,80.8,55
2814,Item_2814,67.41,13
2815,Item_2815,40.68,40
2816,Item_2816,69.9,14
2817,Item_2817,55.96,64
2818,Item_2818,98.32,83
2819,Item_2819,25.4,43
2820,Item_2820,95.08,72
2821,Item_2821,84.03,58
2822,Item_2822,48.22,100
2823,Item_2823,94.14,55
2824,Item_2824,55.86,54
2825,Item_2825,62.82,65
2826,Item_2826,16.19,30
2827,Item_2827,95.88,94
2828,Item_2828,65.18,35
2829,Item_2829,76.19,18
2830,Item_2830,79.42,51
2831,Item_2831,58.48,52
2832,Item_2832,27.32,3
2833,Item_2833,57.59,99
2834,Item_2834,75.57,62
2835,Item_2835,89.16,43
2836,Item_2836,36.95,48
2837,Item_2837,42.8,89
2838,Item_2838,17.27,94
2839,Item_2839,95.78,13
2840,Item_2840,50.42,17
2841,Item_2841,66.15,76
2842,Item_2842,83.49,39
2843,Item_2843,46.84,57
2844,Item_2844,87.74,66
2845,Item_2845,55.71,85
2846,Item_2846,29.95,48
2847,Item_2847,59.56,80
2848,Item_2848,70.11,11
2849,Item_2849,42.81,23
2850,Item_2850,77.78,71
2851,Item_2851,14.84,23
2852,Item_2852,67.87,28
2853,Item_2853,51.25,97
2854,Item_2854,60.22,70
2855,Item_2855,90.42,39
2856,Item_2856,20.75,79
2857,Item_2857,21.05,14
2858,Item_2858,11.7,65
2859,Item_2859,81.14,69
2860,Item_2860,26.73,9
2861,Item_2861,76.1,64
2862,Item_2862,90.17,52
2863,Item_2863,20.45,82
2864,Item_2864,41.85,23
2865,Item_2865,36.83,44
2866,Item_2866,55.75,22
2867,Item_2867,11.23,19
2868,Item_2868,60.63,58
2869,Item_2869,55.66,23
2870,Item_2870,38.38,24
2871,Item_2871,77.92,95
2872,Item_2872,21.07,25
2873,Item_2873,11.31,50
2874,Item_2874,43.44,42
2875,Item_2875,41.97,25
2876,Item_2876,70.45,39
2877,Item_2877,15.68,85
2878,Item_2878,90.6,47
2879,Item_2879,54.15,27
2880,Item_2880,85.05,18
2881,Item_2881,20.67,69
2882,Item_2882,35.75,4
2883,Item_2883,81.27,76
2884,Item_2884,49.42,11
2885,Item_2885,16.47,54
2886,Item_2886,92.69,45
2887,Item_2887,98.9,19
2888,Item_2888,47.64,36
2889,Item_2889,21.83,26
2890,Item_2890,94.47,81
2891,Item_2891,77.55,41
2892,Item_2892,19.37,26
2893,Item_2893,50.16,95
2894,Item_2894,83.07,66
2895,Item_2895,82.4,69
2896,Item_2896,15.72,66
2897,Item_2897,76.67,76
2898,Item_2898,71.39,47
2899,Item_2899,13.7,94
2900,Item_2900,91.91,65
2901,Item_2901,84.23,38
2902,Item_2902,95.96,99
2903,Item_2903,48.97,53
2904,Item_2904,23.95,54
2905,Item_2905,41.68,23
2906,Item_2906,87,92
2907,Item_2907,20.04,78
2908,Item_2908,51.08,10
2909,Item_2909,82.78,53
2910,Item_2910,90.74,68
2911,Item_2911,71.79,49
2912,Item_2912,20.99,79
2913,Item_2913,44.67,80
2914,Item_2914,90.06,35
2915,Item_2915,82.89,28
2916,Item_2916,57.88,67
2917,Item_2917,99.94,1
2918,Item_2918,57.94,67
2919,Item_2919,95.83,57
2920,Item_2920,32.74,23
2921,Item_2921,78.29,3
2922,Item_2922,82.93,14
2923,Item_2923,64.45,27
2924,Item_2924,55.6,49
2925,Item_2925,20.12,8
2926,Item_2926,88.74,7
2927,Item_2927,28.73,17
2928,Item_2928,75.67,1
2929,Item_2929,20.63,30
2930,Item_2930,38.61,20
2931,Item_2931,81.37,85
2932,Item_2932,50.49,43
2933,Item_2933,15.03,60
2934,Item_2934,16.39,97
2935,Item_2935,36.78,62
2936,Item_2936,72.29,10
2937,Item_2937,32.18,74
2938,Item_2938,14.12,31
2939,Item_2939,95.64,19
2940,Item_2940,65.8,67
2941,Item_2941,58.02,39
2942,Item_2942,54.69,8
2943,Item_2943,30.19,43
2944,Item_2944,87.98,87
2945,Item_2945,26.46,2
2946,Item_2946,77,61
2947,Item_2947,19.69,71
2948,Item_2948,89.12,74
2949,Item_2949,81.56,37
2950,Item_2950,63.2,50
2951,Item_2951,67.86,56
2952,Item_2952,80.07,43
2953,Item_2953,93.33,73
2954,Item_2954,74.3,56
2955,Item_2955,68.55,79
2956,Item_2956,18.12,57
2957,Item_2957,51.04,82
2958,Item_2958,56.77,15
2959,Item_2959,93.13,56
2960,Item_2960,58.13,33
2961,Item_2961,86.41,95
2962,Item_2962,96.73,72
2963,Item_2963,28.17,74
2964,Item_2964,42.9,59
2965,Item_2965,68.33,62
2966,Item_2966,55.74,96
2967,Item_2967,45.32,6
2968,Item_2968,54.98,46
2969,Item_2969,66.59,44
2970,Item_2970,48.35,6
2971,Item_2971,33.64,26
2972,Item_2972,21.77,60
2973,Item_2973,61.84,92
2974,Item_2974,95.16,12
2975,Item_2975,57.4,65
2976,Item_2976,28.55,21
2977,Item_2977,37.17,23
2978,Item_2978,50.33,39
2979,Item_2979,19.9,45
2980,Item_2980,17.36,83
2981,Item_2981,37.77,97
2982,Item_2982,43.7,69
2983,Item_2983,89.72,44
2984,Item_2984,15.63,68
2985,Item_2985,27.03,77
2986,Item_2986,11.51,70
2987,Item_2987,75.58,58
2988,Item_2988,40.31,98
2989,Item_2989,26.92,76
2990,Item_2990,23.03,80
2991,Item_2991,34.9,62
2992,Item_2992,97.2,77
2993,Item_2993,86.06,44
2994,Item_2994,25.68,12
2995,Item_2995,14.72,67
2996,Item_2996,46.49,9
2997,Item_2997,23.14,42
2998,Item_2998,72.89,34
2999,Item_2999,63.5,92
3000,Item_3000,16.78,24
